Title,Description,Publisher,Link,Published Time,processed_text
"As Nvidia flips Apple at $3.43T, AI coins follow suit with big gains!","Nvidia has surged to surpass Apple as the most valuable company in the world, hitting $3.43 trillion in market cap.",Ambcrypto.com,https://ambcrypto.com/as-nvidia-flips-apple-at-3-43t-ai-coins-follow-suit-with-big-gains/,06-11-2024 14:00,nvidia surged surpass apple valuable company world hitting trillion market cap
"How Trump’s Second Administration Affects Business: Musk, Tariffs and More","Donald Trump’s return to the White House after winning the Nov. 5 U.S. presidential election may reshape American business. Much depends on whom he appoints as deputies and cabinet members, including the role of Tesla CEO Elon Musk, and what …",Insurance Journal,https://www.insurancejournal.com/news/national/2024/11/06/800274.htm,06-11-2024 13:50,donald trump return white house winning nov u presidential election may reshape american business much depends appoints deputy cabinet member including role tesla ceo elon musk
Renegade '90s San Francisco parties sparked a multibillion-dollar industry,"""Between the Beats"" on Apple TV+ chronicles the early days of the San Francisco house music rave scene.",SFGate,https://www.sfgate.com/streaming/article/sf-rave-documentary-19887362.php,06-11-2024 12:42,beat apple tv chronicle early day san francisco house music rave scene
South Korea fined Meta $15.67M for illegally collecting and sharing Facebook users,"South Korea fined Meta $15.67M for illegally collecting and sharing Facebook users’ sensitive data, including political views and sexual orientation, with advertisers. South Korea’s data privacy watchdog, Personal Information Protection Commission (PIPC), fin…",Securityaffairs.com,https://securityaffairs.com/170618/digital-id/south-korea-fined-meta-15-67m.html,06-11-2024 12:00,south korea fined meta illegally collecting sharing facebook user sensitive data including political view sexual orientation advertiser south korea data privacy watchdog personal information protection commission pipc fin
Trump’s in. Here’s what it means for Europe.,"From energy and trade to finance and defense, here’s how Donald Trump’s second presidency will impact EU policy.",POLITICO.eu,https://www.politico.eu/article/donald-trump-washington-us-elections-win-2024-kamala-harris-europe-russia/,06-11-2024 10:44,energy trade finance defense here donald trump second presidency impact eu policy
Synology fixed critical flaw impacting millions of DiskStation and BeePhotos NAS devices,"Synology addressed a critical vulnerability in DiskStation and BeePhotos NAS devices that could lead to remote code execution. Taiwanese vendor Synology has addressed a critical security vulnerability, tracked as CVE-2024-10443, that impacts DiskStation and B…",Securityaffairs.com,https://securityaffairs.com/170602/hacking/synology-fixed-critical-bug-in-diskstation-and-beephotos-nas.html,06-11-2024 09:09,synology addressed critical vulnerability diskstation beephotos na device could lead remote code execution taiwanese vendor synology addressed critical security vulnerability tracked cve impact diskstation b
Dublin Airport set to exceed passenger cap this year,"The best news, analysis and comment from The Irish Times business desk",The Irish Times,https://www.irishtimes.com/business/2024/11/06/dublin-airport-set-to-exceed-passenger-cap-this-year/,06-11-2024 06:34,best news analysis comment irish time business desk
ETMarkets PMS Talk: Identifying 'Compounding Machines': Sundaram’s strategy for high growth stocks,"It’s not just last month, the strategy has seen a good turnaround in performance in the last 6 months and in the last 6 years, it has created high single-digit alpha over the Nifty50 index.",The Times of India,https://economictimes.indiatimes.com/markets/expert-view/etmarkets-pms-talk-identifying-compounding-machines-sundarams-strategy-for-high-growth-stocks/articleshow/114972156.cms,06-11-2024 03:30,last month strategy seen good turnaround performance last month last year created high singledigit alpha nifty index
Swiggy’s $1.3 Billion IPO May Face Lukewarm Retail Interest,Before the trading day starts we bring you a digest of the key news and events that are likely to move markets. Today we look at:,Financial Post,https://financialpost.com/pmn/business-pmn/swiggys-1-3-billion-ipo-may-face-lukewarm-retail-interest,06-11-2024 03:08,trading day start bring digest key news event likely move market today look
"Negative bias seen for Nifty, Sensex at open","Gift Nifty shows downward bias, volatility due to US election results; India isolated from global markets, market remains volatile.",BusinessLine,https://www.thehindubusinessline.com/markets/negative-bias-seen-for-nifty-sensex-at-open/article68835141.ece,06-11-2024 03:03,gift nifty show downward bias volatility due u election result india isolated global market market remains volatile
"‘Best Buy might payout more’: Shopper reveals how you can get Costco gift cards by trading in your old iPhone, iPad devices","In the technology age, it's no secret that many folks have made an investment into personal devices like laptops and tablets. 


Folks who might have an extra device or two laying around might wonder if they could quickly liquidate these small assets, which c…",The Daily Dot,https://www.dailydot.com/news/costco-gift-cards-for-old-iphones/,06-11-2024 03:00,technology age secret many folk made investment personal device like laptop tablet folk might extra device two laying around might wonder could quickly liquidate small asset c
OT/ICS Likely Next Critical Cyber Battleground; And Different Skills Are Required,"In an era where healthcare systems are prime targets for cyberattacks, experts are broadening their focus to encompass not just IT systems, but also operational technology (OT) security. Christopher Lau, Director of Cyber Security, Proactive Security, and IoT…",Healthsystemcio.com,https://healthsystemcio.com/2024/11/05/christopher-lau/,05-11-2024 23:50,era healthcare system prime target cyberattacks expert broadening focus encompass system also operational technology ot security christopher lau director cyber security proactive security iot
"MBW 946: Slow and Steady - M4 MacBook Pro, Apple Q424, Pixelmator","As expected following the end of last week's MacBreak Weekly, Apple announced the new M4, M4 Pro, and M4 Max MacBook Pros. Jason recaps the results of Apple's Q424. And Apple acquires Pixelmator.<ul> 
<li>Early Apple M4 Pro and M4 Max benchmarks hint at a mas…",Twit.tv,https://twit.tv/shows/macbreak-weekly/episodes/946,05-11-2024 23:30,expected following end last week macbreak weekly apple announced new pro max macbook pro jason recap result apple q apple acquires pixelmatorul liearly apple pro max benchmark hint ma
"ToxicPanda Android banking trojan targets Europe and LATAM, with a focus on Italy","The ToxicPanda Android malware has infected over 1,500 devices, enabling attackers to perform fraudulent banking transactions. Cleafy researchers spotted a new Android banking malware, dubbed ToxicPanda, which already infected over 1,500 Android devices. The …",Securityaffairs.com,https://securityaffairs.com/170605/malware/toxicpanda-android-malware-targets-italy.html,05-11-2024 21:25,toxicpanda android malware infected device enabling attacker perform fraudulent banking transaction cleafy researcher spotted new android banking malware dubbed toxicpanda already infected android device
Goldman Sachs to promote biggest partner class since CEO David Solomon took helm: ‘Wall Street’s most exclusive club’,"The new partners will enjoy a base salary of nearly $1 million a year, but they can take home multiples of that sum once other compensation such as bonuses and stock are included.",New York Post,https://nypost.com/2024/11/05/business/goldman-sachs-set-to-promote-more-than-80-new-partners/,05-11-2024 20:58,new partner enjoy base salary nearly million year take home multiple sum compensation bonus stock included
Exploring The Career Path From IRO To CFO,"Also in the Forbes CFO newsletter: Why controlling leases is important, Boeing union ends strike, Nvidia becomes the world's most valuable company.",Forbes,https://www.forbes.com/sites/cfo/2024/11/05/exploring-the-career-path-from-iro-to-cfo/,05-11-2024 17:02,also forbes cfo newsletter controlling lease important boeing union end strike nvidia becomes world valuable company
Exploring the Future of Finance: A Deep Dive into Digital Payments,"Background In today’s fast-paced world, cash and checks are increasingly giving way to faster, more...",Finextra,https://www.finextra.com/blogposting/27147/exploring-the-future-of-finance-a-deep-dive-into-digital-payments,05-11-2024 16:53,background today fastpaced world cash check increasingly giving way faster
First €3bn of Apple Tax money has hit Irish State coffers,The first roughly €3bn of the Apple Tax money has landed in Irish state coffers. The latest Fiscal Performance or Exchequer Return data for the month of October shows a surge in corporation tax paid during the month as €3.6bn was collected.,Independent.ie,https://www.independent.ie/business/first-3bn-of-apple-tax-money-has-hit-irish-state-coffers/a558995026.html,05-11-2024 16:31,first roughly bn apple tax money landed irish state coffer latest fiscal performance exchequer return data month october show surge corporation tax paid month bn collected
First €3bn tranche of Apple tax money lands in State coffers,Latest exchequer returns data from Department of Finance show the Government collected €3.5bn in corporate tax receipts in October,The Irish Times,https://www.irishtimes.com/business/2024/11/05/first-3bn-tranche-of-apple-tax-money-lands-in-state-coffers/,05-11-2024 16:30,latest exchequer return data department finance show government collected bn corporate tax receipt october
Why Americans should think about personal finance like their 'dream car',"Listen and subscribe to Financial Freestyle on Apple Podcasts, Spotify, or wherever you find your favorite podcasts.
Money is a consistent stressor for many people. According to a 2024 Discover survey, 80% of people in the US report feeling anxious about thei…",Biztoc.com,https://biztoc.com/x/d6a24118a3a90c5d,05-11-2024 14:45,listen subscribe financial freestyle apple podcasts spotify wherever find favorite podcasts money consistent stressor many people according discover survey people u report feeling anxious thei
A few Election Day thoughts from the last 200 years,"Close, chaotic, and contested elections have long been a recurring part of American politics.",Fortune,https://fortune.com/2024/11/05/election-day-thoughts-from-the-last-200-years/,05-11-2024 14:18,close chaotic contested election long recurring part american politics
U.S. CISA adds PTZOptics camera bugs to its Known Exploited Vulnerabilities catalog,U.S. Cybersecurity and Infrastructure Security Agency (CISA) adds PTZOptics PT30X-SDI/NDI camera bugs to its Known Exploited Vulnerabilities catalog. The U.S. Cybersecurity and Infrastructure Security Agency (CISA) added the following vulnerabilities to its K…,Securityaffairs.com,https://securityaffairs.com/170595/security/u-s-cisa-adds-ptzoptics-camera-bugs-to-its-known-exploited-vulnerabilities-catalog.html,05-11-2024 12:23,u cybersecurity infrastructure security agency cisa add ptzoptics ptxsdindi camera bug known exploited vulnerability catalog u cybersecurity infrastructure security agency cisa added following vulnerability k
Canadian authorities arrested alleged Snowflake hacker,"Canadian authorities arrested a suspect linked to multiple hacks following a breach of cloud data platform Snowflake earlier this year. Canadian law enforcement agencies arrested a suspect, Alexander “Connor” Moucka (aka Judische and Waifu), who is accused of…",Securityaffairs.com,https://securityaffairs.com/170587/cyber-crime/canadian-authorities-arrested-snowflake-hacker.html,05-11-2024 11:19,canadian authority arrested suspect linked multiple hack following breach cloud data platform snowflake earlier year canadian law enforcement agency arrested suspect alexander connor moucka aka judische waifu accused
The 6 best Mint alternatives to replace the budgeting app that shut down,"As a long-time Mint user, I was frustrated to say the least when news broke at the end of 2023 that Intuit would shut Mint down. I, like millions of others, enjoyed how easily Mint allowed us to track all accounts in one place and monitor credit scores. I als…",Slashdot.org,https://slashdot.org/firehose.pl?op=view&amp;id=175405661,05-11-2024 10:12,longtime mint user frustrated say least news broke end intuit would shut mint like million others enjoyed easily mint allowed u track account one place monitor credit score al
The 6 best Mint alternatives to replace the budgeting app that shut down,"As a long-time Mint user, I was frustrated to say the least when news broke at the end of 2023 that Intuit would shut Mint down. I, like millions of others, enjoyed how easily Mint allowed us to track all accounts in one place and monitor credit scores. I als…",Yahoo Entertainment,https://consent.yahoo.com/v2/collectConsent?sessionId=1_cc-session_518ab502-e617-4e51-9b96-bff742ee0d0b,05-11-2024 10:01,longtime mint user frustrated say least news broke end intuit would shut mint like million others enjoyed easily mint allowed u track account one place monitor credit score al
"Android flaw CVE-2024-43093 may be under limited, targeted exploitation","Google warned that a vulnerability, tracked as CVE-2024-43093, in the Android OS is actively exploited in the wild. Threat actors are actively exploiting a vulnerability, tracked as CVE-2024-43093, in the Android OS, Google warns. The vulnerability is a privi…",Securityaffairs.com,https://securityaffairs.com/170581/uncategorized/cve-2024-43093-android-flaw-actively-exploited.html,05-11-2024 08:51,google warned vulnerability tracked cve android o actively exploited wild threat actor actively exploiting vulnerability tracked cve android o google warns vulnerability privi
Want cash like Warren? How to stack paper without ditching ASX shares,"Life is about trade offs. 
The post Want cash like Warren? How to stack paper without ditching ASX shares appeared first on The Motley Fool Australia.",Motley Fool Australia,https://www.fool.com.au/2024/11/05/want-cash-like-warren-how-to-stack-paper-without-ditching-asx-shares/,05-11-2024 00:06,life trade offs post want cash like warren stack paper without ditching asx share appeared first motley fool australia
"Chloe Fineman, Patton Oswalt Join Pickleball Comedy 'The Dink'","Chloe Fineman, Patton Oswalt, John McEnroe, Aaron Chen, Martin Kove, Chris Parnell and Christine Taylor have joined the pickleball comedy 'The Dink'",Variety,https://variety.com/2024/film/news/chloe-fineman-patton-oswalt-john-mcenroe-join-pickleball-comedy-the-dink-1236200336/,04-11-2024 23:30,chloe fineman patton oswalt john mcenroe aaron chen martin kove chris parnell christine taylor joined pickleball comedy dink
"July 2024 ransomware attack on the City of Columbus impacted 500,000 people","The July 2024 ransomware attack that hit the City of Columbus, Ohio, exposed the personal and financial data of 500,000 individuals. On July 18, 2024, the City of Columbus, Ohio, suffered a cyber attack that impacted the City’s services. On July 29, 2024, the…",Securityaffairs.com,https://securityaffairs.com/170568/data-breach/city-of-columbus-ransomware-attack-impacted-500000-people.html,04-11-2024 22:53,july ransomware attack hit city columbus ohio exposed personal financial data individual july city columbus ohio suffered cyber attack impacted city service july
Stock market today: Dow leads stocks lower as Wall Street braces for Election Day,Investors are bracing for a week of potentially huge market-moving events — the presidential election and the Federal Reserve policy decision.,Yahoo Entertainment,https://finance.yahoo.com/news/live/stock-market-today-dow-leads-stocks-lower-as-wall-street-braces-for-election-day-210042676.html,04-11-2024 21:00,investor bracing week potentially huge marketmoving event presidential election federal reserve policy decision
Intuit QuickBooks Solopreneur,"Basic accounting tools for sole proprietors
Intuit's QuickBooks Solopreneur aims to build on the success of QuickBooks Self-Employed, which is no longer available to new users. The small business accounting application targets sole proprietors, offering basic…",PCMag.com,https://me.pcmag.com/en/smb-accounting/26713/intuit-quickbooks-solopreneur,04-11-2024 18:35,basic accounting tool sole proprietor intuits quickbooks solopreneur aim build success quickbooks selfemployed longer available new user small business accounting application target sole proprietor offering basic
Intuit QuickBooks Solopreneur,"Basic accounting tools for sole proprietors
Intuit's QuickBooks Solopreneur aims to build on the success of QuickBooks Self-Employed, which is no longer available to new users. The small business accounting application targets sole proprietors, offering basic…",PCMag.com,https://uk.pcmag.com/smb-accounting/155171/intuit-quickbooks-solopreneur,04-11-2024 18:35,basic accounting tool sole proprietor intuits quickbooks solopreneur aim build success quickbooks selfemployed longer available new user small business accounting application target sole proprietor offering basic
Ontario Urges Feds to Delay Digital Tax on Major Tech Giants,"Ontario Premier Doug Ford is again urging the federal government to hold off on introducing its Digital Services Tax, warning it could harm jobs in Canada. Ford’s statement, made as Americans prepare to vote in the U.S. presidential election on Tuesday, empha…",iPhone in Canada,https://www.iphoneincanada.ca/2024/11/04/ontario-urges-feds-to-delay-digital-tax-on-major-tech-giants/,04-11-2024 17:04,ontario premier doug ford urging federal government hold introducing digital service tax warning could harm job canada ford statement made american prepare vote u presidential election tuesday empha
"Smart Money Podcast: Retirement Rollover Ready? Rules, Risks, and Rewards of 401k and IRA Transfers","Learn the pros, cons, and methods of rolling over retirement accounts to simplify your finances so you can avoid costly mistakes.",NerdWallet,https://www.nerdwallet.com/article/finance/smart-money-podcast-retirement-rollover-ready-rules-risks-and-rewards-of-401k-and-ira-transfers#article,04-11-2024 17:00,learn pro con method rolling retirement account simplify finance avoid costly mistake
"Transcript: Annie Lamont, Oak HC/FT","﻿     The transcript from this week’s, MiB: Annie Lamont, Managing Partner of Oak HC/FT, is below. You can stream and download our full conversation, including any podcast extras, on Apple Podcasts, Spotify, YouTube, and Bloomberg. All of our earlier podcasts…",Ritholtz.com,https://ritholtz.com/2024/11/transcript-annie-lamont/,04-11-2024 16:30,transcript week mib annie lamont managing partner oak hcft stream download full conversation including podcast extra apple podcasts spotify youtube bloomberg earlier podcasts
"State construction company would cut cost of building a home by €200,000, says People Before Profit","A state run construction company would cut the cost of building a home by up to €200,000, People Before Profit leader Richard Boyd Barrett has said.",Independent.ie,https://www.independent.ie/irish-news/politics/state-construction-company-would-cut-cost-of-building-a-home-by-200000-says-people-before-profit/a634541446.html,04-11-2024 16:28,state run construction company would cut cost building home people profit leader richard boyd barrett said
Here's a final breakdown of how both presidential candidates might affect your finances,"Business Insider's five-part series looked at how Harris and Trump's policies affect consumers, from taxes to housing and childcare.",Business Insider,https://www.businessinsider.com/harris-trump-impact-investing-housing-taxes-childcare-prices-2024-11,04-11-2024 14:34,business insider fivepart series looked harris trump policy affect consumer tax housing childcare
Nigerian man Sentenced to 26+ years in real estate phishing scams,Nigerian Kolade Ojelade gets 26 years in U.S. for phishing scams that stole millions by hacking email accounts. A Nigerian national was sentenced to 26 years in prison in the US for stealing millions by compromising the email accounts of real estate businesse…,Securityaffairs.com,https://securityaffairs.com/170561/cyber-crime/nigerian-man-26-years-jail-phishing-scams.html,04-11-2024 14:28,nigerian kolade ojelade get year u phishing scam stole million hacking email account nigerian national sentenced year prison u stealing million compromising email account real estate businesse
"If Elon Musk heads up DOGE, it may unsettle Tesla stock: Analyst",Should Tesla investors worry about Musk and DOGE?,Yahoo Entertainment,https://finance.yahoo.com/news/if-elon-musk-heads-up-doge-it-may-unsettle-tesla-stock-analyst-142249841.html,04-11-2024 14:22,tesla investor worry musk doge
28-Year-Old Software Developer Who Retired After Working Just 7 Years Shares His Stock Portfolio and Story–'I Do Not Regret It One Bit',"As living costs soar, many Americans are rushing to save and invest to achieve financial independence or ensure a comfortable retirement. A recent Gallup...",Yahoo Entertainment,https://finance.yahoo.com/news/28-old-software-developer-retired-140016497.html,04-11-2024 14:00,living cost soar many american rushing save invest achieve financial independence ensure comfortable retirement recent gallup
"JP모건 ""연준, 트럼프 승리 시 금리인하 일시 중지""","Apple co-founder Steve Wozniak says his first Siri searches with Apple’s AI offerings “worked fine,” but he needs more time before commenting further. He also discusses Apple’s product offerings and explains why he’s “a user-type person, not an investor” http…",Tistory.com,https://ryueyes11.tistory.com/511235,04-11-2024 12:13,apple cofounder steve wozniak say first siri search apple ai offering worked fine need time commenting also discus apple product offering explains he usertype person investor
Podcast: Namee Oberst on Small Language Models and How They are Enabling AI-Powered PCs,"In this podcast, Namee Oberst, co-founder of AI Bloks, the company behind AI framework LLMWare, discusses the recent trend in Generative AI and Language Model technologies, the Small Language Models (SLMs) and how these smaller models are empowering the edge …",InfoQ.com,https://www.infoq.com/podcasts/small-language-models-ai-powered-pcs/,04-11-2024 11:00,podcast namee oberst cofounder ai blok company behind ai framework llmware discus recent trend generative ai language model technology small language model slms smaller model empowering edge
Press release: Do one thing – get on the HMRC app,HMRC is reminding people to download the HMRC app to access HMRC services such as Child Benefit and their National Insurance number.,Www.gov.uk,https://www.gov.uk/government/news/do-one-thing-get-on-the-hmrc-app,04-11-2024 10:57,hmrc reminding people download hmrc app access hmrc service child benefit national insurance number
"The hour of reckoning in the US, oligarchs applying pressure and making demands, the cabinet reshuffle and Schinas, the tax troubles of Kasselakis’ father with the IRS","Hello, the hour of reckoning has arrived for the new leader of the free world, and naturally, this week, something quite dramatic would need to happen to shift the spotlight from this major event that occurs once every four years and politically, geostrategic…",Protothema.gr,https://en.protothema.gr/2024/11/04/the-hour-of-reckoning-in-the-us-oligarchs-applying-pressure-and-making-demands-the-cabinet-reshuffle-and-schinas-the-tax-troubles-of-kasselakis-father-with-the-irs/,04-11-2024 10:12,hello hour reckoning arrived new leader free world naturally week something quite dramatic would need happen shift spotlight major event occurs every four year politically geostrategic
Russian disinformation campaign active ahead of 2024 US election,"U.S. intel says Russia made a fake video claiming Haitians voted illegally in Georgia, aiming to spread election disinformation. U.S. intel reports Russia created a fake viral video falsely claiming Haitians illegally voted multiple times in Georgia, aiming t…",Securityaffairs.com,https://securityaffairs.com/170551/intelligence/russia-disinformation-us-election-2024.html,04-11-2024 10:07,u intel say russia made fake video claiming haitian voted illegally georgia aiming spread election disinformation u intel report russia created fake viral video falsely claiming haitian illegally voted multiple time georgia aiming
Earnings call: Komatsu anticipates record-high sales despite challenges,Earnings call: Komatsu anticipates record-high sales despite challenges,Investing.com,https://www.investing.com/news/stock-market-news/earnings-call-komatsu-anticipates-recordhigh-sales-despite-challenges-93CH-3698823,04-11-2024 09:36,earnings call komatsu anticipates recordhigh sale despite challenge
Elon Musk와 Donald Trump의 야합은 중국 시진핑 주석에게 좋은 징조이다.,"Canada has scrapped Covid-era flight restrictions on mainland China, removing a limit on services operated by Chinese airlines https://t.co/Iu98VdS34D— Bloomberg Asia (@BloombergAsia) October 30, 2024 The market dynamics that delivered cheaper rent and airfar…",Tistory.com,https://ryueyes11.tistory.com/511233,04-11-2024 07:25,canada scrapped covidera flight restriction mainland china removing limit service operated chinese airline bloomberg asia bloombergasia october market dynamic delivered cheaper rent airfar
International law enforcement operation shut down DDoS-for-hire platform Dstat.cc,"German police shut down DDoS-for-hire platform Dstat.cc and arrested two men accused of operating the site used for launching DDoS attacks. German police shut down the DDoS-for-hire platform Dstat.cc that allowed its customers to launch DDoS attacks. Two men,…",Securityaffairs.com,https://securityaffairs.com/170540/cyber-crime/german-police-shut-down-ddos-for-hire-platform-dstat-cc.html,04-11-2024 06:24,german police shut ddosforhire platform dstatcc arrested two men accused operating site used launching ddos attack german police shut ddosforhire platform dstatcc allowed customer launch ddos attack two men
Earnings call: TDS UScellular reports strategic progress in Q3 2024,Earnings call: TDS UScellular reports strategic progress in Q3 2024,Investing.com,https://www.investing.com/news/stock-market-news/earnings-call-tds-uscellular-reports-strategic-progress-in-q3-2024-93CH-3698644,04-11-2024 01:24,earnings call tds uscellular report strategic progress q
"Share Market Highlights: Sensex, Nifty mark worst drop in over a month amid US election jitters","Sensex, Nifty updates on 4 November 2024: Indian equities saw their worst session in over a month on Monday, driven by heightened uncertainty around the U.S. presidential election and a spike in volatility, which reached a three-month high. The NSE Nifty 50 d…",BusinessLine,https://www.thehindubusinessline.com/markets/stock-market-highlights-4-november-2024/article68825367.ece,04-11-2024 01:11,sensex nifty update november indian equity saw worst session month monday driven heightened uncertainty around u presidential election spike volatility reached threemonth high nse nifty
Solana DeFi Momentum Soars With $5.7 Billion Locked In Q3,"Solana continues to prove that it’s one of the top blockchains for this cycle. After its rally, which gained 35% over the past 60 days, the popular Layer 1 blockchain is back in the news with more on-chain activities. According to recent data, Solana’s DeFi T…",newsBTC,http://www.newsbtc.com/news/solana-defi-momentum-soars-with-5-7-billion-locked-in-q3/,03-11-2024 22:00,solana continues prove one top blockchains cycle rally gained past day popular layer blockchain back news onchain activity according recent data solanas defi
Mental health is becoming finance’s new bottom line,"Listen and subscribe to Stocks in Translation on Apple Podcasts, Spotify, or wherever you find your favorite podcasts.
Mental health is emerging after a long-standing silence in finance.
For decades, personal struggles were pushed aside, considered irrelevant…",Biztoc.com,https://biztoc.com/x/5a9ecf177bf27c09,03-11-2024 16:44,listen subscribe stock translation apple podcasts spotify wherever find favorite podcasts mental health emerging longstanding silence finance decade personal struggle pushed aside considered irrelevant
Mental health is becoming finance’s new bottom line,"Listen and subscribe to Stocks in Translation on Apple Podcasts, Spotify, or wherever you find your favorite podcasts.
Mental health is emerging after a long-standing silence in finance.
For decades, personal struggles were pushed aside, considered irrelevant…",Biztoc.com,https://biztoc.com/x/291205c17477ea79,03-11-2024 16:32,listen subscribe stock translation apple podcasts spotify wherever find favorite podcasts mental health emerging longstanding silence finance decade personal struggle pushed aside considered irrelevant
iOS 18.2: Release Date For Major iPhone AI Update Revealed In New Report,"The first Apple Intelligence features have landed on the iPhone but much more is coming, and now we know when it’s likely to be.",Forbes,https://www.forbes.com/sites/davidphelan/2024/11/03/ios-182-release-date-for-major-iphone-ai-update-revealed-in-new-report/,03-11-2024 15:10,first apple intelligence feature landed iphone much coming know likely
SECURITY AFFAIRS MALWARE NEWSLETTER – ROUND 18,Security Affairs Malware newsletter includes a collection of the best articles and research on malware in the international landscape. Security Affairs Malware newsletter includes a collection of the best articles and research on malware in the international …,Securityaffairs.com,https://securityaffairs.com/170532/malware/security-affairs-malware-newsletter-round-18.html,03-11-2024 14:23,security affair malware newsletter includes collection best article research malware international landscape security affair malware newsletter includes collection best article research malware international
Security Affairs newsletter Round 496 by Pierluigi Paganini – INTERNATIONAL EDITION,"A new round of the weekly SecurityAffairs newsletter arrived! Every week the best security articles from Security Affairs are free in your email box. Enjoy a new round of the weekly SecurityAffairs newsletter, including the international press. Chinese threat…",Securityaffairs.com,https://securityaffairs.com/170525/breaking-news/security-affairs-newsletter-round-496-by-pierluigi-paganini-international-edition.html,03-11-2024 14:13,new round weekly securityaffairs newsletter arrived every week best security article security affair free email box enjoy new round weekly securityaffairs newsletter including international press chinese threat
What business leaders are saying days before the election,The election is just about here. This is what top names in business are telling Yahoo Finance.,Yahoo Entertainment,https://finance.yahoo.com/news/what-business-leaders-are-saying-days-before-the-election-133045787.html,03-11-2024 13:30,election top name business telling yahoo finance
US Election 2024 – FBI warning about fake election videos,"US Election 2024 – The FBI warned that two fake videos on X spread false claims of ballot fraud and misinformation about Kamala Harris’s husband. In a post on X on Saturday, the Federal Bureau of Investigation (FBI) said the two videos were spreading rumours …",Securityaffairs.com,https://securityaffairs.com/170514/security/us-election-2024-fbi-warning-about-fake-election-videos.html,03-11-2024 12:10,u election fbi warned two fake video x spread false claim ballot fraud misinformation kamala harris husband post x saturday federal bureau investigation fbi said two video spreading rumour
Chinese threat actors use Quad7 botnet in password-spray attacks,"Microsoft warns Chinese threat actors are using the Quad7 botnet to carry out password-spray attacks and steal credentials. Chinese threat actors use the Quad7 botnet in password-spray attacks to steal credentials, Microsoft warns. Quad7 botnet, also known as…",Securityaffairs.com,https://securityaffairs.com/170503/malware/quad7-botnet-used-by-chinese-threat-actors.html,03-11-2024 10:09,microsoft warns chinese threat actor using quad botnet carry passwordspray attack steal credential chinese threat actor use quad botnet passwordspray attack steal credential microsoft warns quad botnet also known
Lawmakers are vetting the EU chief's new team. It might be tough but she has the right on her side,The influence of nationalist and populist parties on the European Union will be on public display next week when lawmakers vet new members of the bloc's increasingly powerful executive branch,ABC News,https://abcnews.go.com/International/wireStory/lawmakers-vetting-eu-chiefs-new-team-tough-side-115436406,03-11-2024 08:20,influence nationalist populist party european union public display next week lawmaker vet new member bloc increasingly powerful executive branch
Warren Buffett slashes Apple stake as he boosts cash to record high,Financial Times: Berkshire’s stock-selling spree extends for eighth quarter.,New Zealand Herald,https://www.nzherald.co.nz/business/warren-buffett-slashes-apple-stake-as-he-boosts-cash-to-record-high/TMREKSS3WNGSZKCEBFNQ7YYEGA/,02-11-2024 23:09,financial time berkshire stockselling spree extends eighth quarter
Why Wiz really turned down Google’s $23B offer,"Welcome back to Week in Review. This week, we’re coming at you right off the heels of TechCrunch Disrupt! If you missed it, we’re highlighting conversations from Perplexity CEO Aravind Srinivas, WordPress co-founder Matt Mullenweg, and Disney star turned spac…",TechCrunch,https://techcrunch.com/2024/11/02/why-wiz-really-turned-down-googles-23b-offer/,02-11-2024 20:15,welcome back week review week coming right heel techcrunch disrupt missed highlighting conversation perplexity ceo aravind srinivas wordpress cofounder matt mullenweg disney star turned spac
"Nvidia to join Dow Jones Industrial Average, replacing rival chipmaker Intel","Nvidia is replacing rival chipmaker Intel in the Dow Jones Industrial Average, a shakeup to the blue-chip index that reflects the boom in artificial intelligence and a major shift in the semiconductor industry.",NBC News,https://www.nbcnews.com/business/nvidia-replaces-intel-dow-jones-rcna178524,02-11-2024 18:31,nvidia replacing rival chipmaker intel dow jones industrial average shakeup bluechip index reflects boom artificial intelligence major shift semiconductor industry
FBI arrested former Disney World employee for hacking computer menus and mislabeling allergy info,"A former Disney World employee hacked servers after being fired, altering prices, adding profanities, and mislabeling allergy info. A former Walt Disney World employee hacked servers after being fired by the company. He is accused of changing prices, adding p…",Securityaffairs.com,https://securityaffairs.com/170489/cyber-crime/former-disney-world-employee-arrested.html,02-11-2024 18:17,former disney world employee hacked server fired altering price adding profanity mislabeling allergy info former walt disney world employee hacked server fired company accused changing price adding p
NVIDIA Replaces Rival Chipmaker Intel on the Dow Jones Industrial Average,"In 1896 the Dow Jones Industrial Average (or DJIA) was created as a kind of proxy indicator for the wider stock market. ""A stock is typically added only if the company has an excellent reputation, demonstrates sustained growth and is of interest to a large nu…",Slashdot.org,https://hardware.slashdot.org/story/24/11/02/0328233/nvidia-replaces-rival-chipmaker-intel-on-the-dow-jones-industrial-average,02-11-2024 17:34,dow jones industrial average djia created kind proxy indicator wider stock market stock typically added company excellent reputation demonstrates sustained growth interest large nu
Sophos details five years of China-linked threat actors’ activity targeting network devices worldwide,"Sophos used custom implants to monitor China-linked thret actors targeting firewall zero-days in a years-long battle. Sophos revealed a years-long “cat-and-mouse” battle with China-linked threat actors, using custom implants to track the attackers’ activities…",Securityaffairs.com,https://securityaffairs.com/170469/apt/china-linked-threat-actors-activity-targeting-network-devices-worldwide.html,02-11-2024 16:12,sophos used custom implant monitor chinalinked thret actor targeting firewall zerodays yearslong battle sophos revealed yearslong catandmouse battle chinalinked threat actor using custom implant track attacker activity
Goldman Sachs and Apple reach $90 in penalties from the Apple Card,Goldman Sachs and Apple have amassed $90 million in penalties with Goldman Sachs already losing millions of dollars from the Apple Card since 2022 with multiple problems in their credit division tied with it. The credit firm cannot release any more new credit…,iLounge,https://www.ilounge.com/news/apple/goldman-sachs-and-apple-reach-90-in-penalties-from-the-apple-card,02-11-2024 15:43,goldman sachs apple amassed million penalty goldman sachs already losing million dollar apple card since multiple problem credit division tied credit firm cannot release new credit
"Job seekers, take note: Employers are upbeat about seasonal hiring",Employers have announced plans to hire the highest total number of seasonal workers since 2021. That's good news for job seekers.,Yahoo Entertainment,https://finance.yahoo.com/news/job-seekers-take-note-employers-are-upbeat-about-seasonal-hiring-143026181.html,02-11-2024 14:30,employer announced plan hire highest total number seasonal worker since thats good news job seeker
"Warren Buffett continued to sell down his Apple stake, cutting about a quarter in the third period - CNBC","Warren Buffett continued to sell down his Apple stake, cutting about a quarter in the third periodCNBC Berkshire's cash sets record as Buffett sells Apple, BofA; operating profit fallsYahoo Finance Warren Buffett’s Berkshire Hathaway Slashes Apple Stake Again…",Slashdot.org,https://slashdot.org/firehose.pl?op=view&amp;id=175380819,02-11-2024 13:32,warren buffett continued sell apple stake cutting quarter third periodcnbc berkshire cash set record buffett sell apple bofa operating profit fallsyahoo finance warren buffetts berkshire hathaway slash apple stake
NYC’s longest-serving tour guide once took ‘Friends’ star David Schwimmer around — and got more looks than he did,"As New York City's longest-serving tour guide, Joyce Gold has become a local celebrity -- more widely recognized than the stars in the Big Apple.",New York Post,https://nypost.com/2024/11/02/us-news/nycs-longest-serving-tour-guide-once-took-this-friends-star-around-and-got-more-looks-than-he-did/,02-11-2024 11:54,new york city longestserving tour guide joyce gold become local celebrity widely recognized star big apple
Michael Hudson and Richard Wolff: BRICS High Aspirations Versus Cautious First Steps,Michael Hudson and Richard Wolff discuss the recent BRICS summit as well as its rapidly-evolving geopolitical backdrop.,Nakedcapitalism.com,https://www.nakedcapitalism.com/2024/11/michael-hudson-and-richard-wolff-brics-high-aspirations-versus-cautious-first-steps.html,02-11-2024 08:29,michael hudson richard wolff discus recent brics summit well rapidlyevolving geopolitical backdrop
"Tesla, AMD And Nvidia Show Higher Volatility Than Bitcoin In October 2024","Leading tech stocks display greater price fluctuations than bitcoin, reflecting evolving digital asset trends.",Forbes,https://www.forbes.com/sites/digital-assets/2024/11/02/tesla-amd-and-nvidia-show-higher-volatility-than-bitcoin-in-october-2024/,02-11-2024 08:25,leading tech stock display greater price fluctuation bitcoin reflecting evolving digital asset trend
PTZOptics cameras zero-days actively exploited in the wild,"Hackers are exploiting two zero-day vulnerabilities, tracked as CVE-2024-8956 and CVE-2024-8957, in PTZOptics cameras. Threat actors are attempting to exploit two zero-day vulnerabilities, tracked as CVE-2024-8956 and CVE-2024-8957, in PTZOptics pan-tilt-zoom…",Securityaffairs.com,https://securityaffairs.com/170456/hacking/ptzoptics-cameras-flaws-exploited.html,02-11-2024 07:16,hacker exploiting two zeroday vulnerability tracked cve cve ptzoptics camera threat actor attempting exploit two zeroday vulnerability tracked cve cve ptzoptics pantiltzoom
"‘The Bureau’ Producer Alex Berger, ‘Anikulapo’s’ Kunle Afolayan Headline Ivory Coast’s SICA Film and TV Industry Trade Fair","Alex Berger of “The Bureau” producer TOP (The Oligarchs Productions), prolific Nigerian filmmaker Kunle Afolayan (“Aníkúlápó”) and Sydney Gallonde of Paris-based outfit Make it Happens Studios are among the headliners of the Salon International du Contenu Aud…",Variety,https://variety.com/2024/film/global/alex-berger-kunle-afolayan-sica-ivory-coast-african-content-1236192739/,01-11-2024 22:53,alex berger bureau producer top oligarch production prolific nigerian filmmaker kunle afolayan anklp sydney gallonde parisbased outfit make happens studio among headliner salon international du contenu aud
Earnings call: TDS US Cellular reveals Q3 2024 financial growth,Earnings call: TDS US Cellular reveals Q3 2024 financial growth,Investing.com,https://www.investing.com/news/stock-market-news/earnings-call-tds-us-cellular-reveals-q3-2024-financial-growth-93CH-3698384,01-11-2024 22:00,earnings call tds u cellular reveals q financial growth
New LightSpy spyware version targets iPhones with destructive capabilities,"New LightSpy spyware targets iPhones supporting destructive features that can block compromised devices from booting up. In May 2024, ThreatFabric researchers discovered a macOS version of LightSpy spyware that has been active in the wild since at least Janua…",Securityaffairs.com,https://securityaffairs.com/170447/malware/lightspy-spyware-targets-iphones.html,01-11-2024 19:51,new lightspy spyware target iphones supporting destructive feature block compromised device booting may threatfabric researcher discovered macos version lightspy spyware active wild since least janua
Would Either Candidate Fundamentally Change the U.S. Economy?,Where Harris and Trump intersect and where they diverge.,Foreign Policy,https://foreignpolicy.com/2024/11/01/would-either-candidate-fundamentally-change-the-u-s-economy/,01-11-2024 19:05,harris trump intersect diverge
"Isabella Rossellini on ‘Conclave’ and How She Almost Didn’t Get ‘Death Becomes Her’ Role Because the Studio ‘Wanted Someone More Famous, More Established’","Despite a career with varying celebrated roles, Isabella Rossellini has never received an Academy Award nomination. This year, fans and critics alike are hoping that changes with her latest film, “Conclave.” At the Middleburg Film Festival, the iconic actress…",Variety,https://variety.com/2024/film/awards/isabella-rossellini-conclave-death-becomes-her-1236196753/,01-11-2024 19:01,despite career varying celebrated role isabella rossellini never received academy award nomination year fan critic alike hoping change latest film conclave middleburg film festival iconic actress
"Metaplanet stock soars over 1,000% this year as firm adopts Bitcoin strategy","Metaplanet's success highlights the growing trend of corporate Bitcoin adoption, potentially reshaping financial strategies globally.
The post Metaplanet stock soars over 1,000% this year as firm adopts Bitcoin strategy appeared first on Crypto Briefing.",Crypto Briefing,https://cryptobriefing.com/metaplanet-bitcoin-strategy-stock-surge/,01-11-2024 18:47,metaplanets success highlight growing trend corporate bitcoin adoption potentially reshaping financial strategy globally post metaplanet stock soar year firm adopts bitcoin strategy appeared first crypto briefing
European markets make gains after worst fall in a year,Dublin’s Iseq finished up 2.25% while FTSE rebounds,The Irish Times,https://www.irishtimes.com/business/2024/11/01/european-markets-make-gains-after-worst-fall-in-a-year/,01-11-2024 18:33,dublin iseq finished ftse rebound
‘American Speed’: Tom Holland & Austin Butler To Star In Racecar Crime Drama At Amazon MGM Studios,"Did the “Summer of Tom Holland” just got more jam-packed? Deadline reports that Amazon MGM Studios won the bidding war for “American Speed,” a race car drama with Holland and Austin Butler attached to star. “American Speed” marks the third upcoming blockbuste…",Theplaylist.net,https://theplaylist.net/american-speed-tom-holland-austin-butler-to-star-in-racecar-crime-drama-at-amazon-mgm-studios-20241101/,01-11-2024 18:29,summer tom holland got jampacked deadline report amazon mgm studio bidding war american speed race car drama holland austin butler attached star american speed mark third upcoming blockbuste
LottieFiles confirmed a supply chain attack on Lottie-Player,"LottieFiles confirmed a supply chain attack on Lottie-Player, and threat actors targeted cryptocurrency wallets to steal funds. LottieFiles confirmed that threat actors have hacked the Lottie-Player software in a supply chain attack. Lottie-Player is a web co…",Securityaffairs.com,https://securityaffairs.com/170441/hacking/lottiefiles-confirmed-a-supply-chain-attack-on-lottie-player.html,01-11-2024 17:37,lottiefiles confirmed supply chain attack lottieplayer threat actor targeted cryptocurrency wallet steal fund lottiefiles confirmed threat actor hacked lottieplayer software supply chain attack lottieplayer web co
"Stock market today: Nasdaq, S&P 500 rebound amid Amazon cheer, jobs report - Yahoo Finance","Stock market today: Nasdaq, S&P 500 rebound amid Amazon cheer, jobs reportYahoo Finance Dow jumps 500 points to start November as traders look past weak jobs report: Live updatesCNBC Stocks Rise With Payrolls Set to Cap Volatile Week: Markets WrapYahoo Financ…",Slashdot.org,https://slashdot.org/firehose.pl?op=view&amp;id=175375289,01-11-2024 16:12,stock market today nasdaq sp rebound amid amazon cheer job reportyahoo finance dow jump point start november trader look past weak job report live updatescnbc stock rise payroll set cap volatile week market wrapyahoo financ
Announcing the Microsoft Store Awards 2024 winners,"Windows is an open platform that enables all categories of applications to thrive. From individual developers to distributed projects, open-source initiatives and large companies, the vibrant developer community is building innovative, engaging and p
The post…",Windows.com,https://blogs.windows.com/windowsdeveloper/2024/11/01/announcing-the-microsoft-store-awards-2024-winners/,01-11-2024 16:00,window open platform enables category application thrive individual developer distributed project opensource initiative large company vibrant developer community building innovative engaging p post
What this VC firm can teach other companies about decarbonizing for real,"Measuring climate impact can be a trust builder, says Eclipse Ventures partner Aidan Madigan-Curtis.",Fortune,https://fortune.com/2024/11/01/eclipse-venture-capital-decarbonizing/,01-11-2024 14:21,measuring climate impact trust builder say eclipse venture partner aidan madigancurtis
"AI Update, November 1, 2024: AI News and Views From the Past Week",Catch up on select AI news and developments from the past week or so. Stay in the know. Read the full article at MarketingProfs,MarketingProfs.com,https://www.marketingprofs.com/opinions/2024/52275/ai-update-november-1-2024-ai-news-and-views-from-the-past-week,01-11-2024 14:00,catch select ai news development past week stay know read full article marketingprofs
Russell Crowe is set to star in The Last Druid,"Crowe is set to work with Land of Bad director Will Eubank on a new historical drama, which will be up for the American Film Market next week.
The post Russell Crowe is set to star in The Last Druid appeared first on JoBlo.",JoBlo.com,https://www.joblo.com/russell-crowe-the-last-druid/,01-11-2024 12:56,crowe set work land bad director eubank new historical drama american film market next week post russell crowe set star last druid appeared first joblo
"Stock market today: Nasdaq, S&P 500 rebound amid Amazon cheer, jobs report",Markets are taking a big miss in the monthly jobs report in their stride as they welcome Amazon and Intel's results.,Yahoo Entertainment,https://finance.yahoo.com/news/live/stock-market-today-nasdaq-sp-500-rebound-amid-amazon-cheer-jobs-report-124606593.html,01-11-2024 12:46,market taking big miss monthly job report stride welcome amazon intels result
Don’t Diversify: How Concentration Creates Faster Business Growth,"Diversification is hailed as the gold standard of business strategy, but this conventional wisdom can be a roadblock rather than a road map.",Forbes,https://www.forbes.com/councils/forbesfinancecouncil/2024/11/01/dont-diversify-how-concentration-creates-faster-business-growth/,01-11-2024 12:00,diversification hailed gold standard business strategy conventional wisdom roadblock rather road map
Forbes Daily: Drone Maker To Ration Batteries After Chinese Sanctions,"Friday's edition of Forbes Daily covers David Koch's son backing Kamala Harris, Facebook profit from election lies, Amazon beats expectations, Apple's earnings and more.",Forbes,https://www.forbes.com/sites/daniellechemtob/2024/11/01/forbes-daily-drone-maker-to-ration-batteries-after-chinese-sanctions/,01-11-2024 11:53,friday edition forbes daily cover david koch son backing kamala harris facebook profit election lie amazon beat expectation apple earnings
"Bytes: Week in Review — Apple Intelligence arrives, AI writes Google’s code, and AI medical transcription tool hallucinates","An AI transcription tool used in health care has been found to frequently hallucinate things no one ever said, including making up medications. That’s just one of the topics for today’s Marketplace Tech Bytes: Week in Review. Plus, we’ll get into what we lear…",Marketplace.org,https://www.marketplace.org/shows/marketplace-tech/bytes-week-in-review-apple-intelligence-arrives-ai-writes-googles-code-and-ai-medical-transcription-tool-hallucinates/,01-11-2024 10:04,ai transcription tool used health care found frequently hallucinate thing one ever said including making medication thats one topic today marketplace tech byte week review plus well get lear
"Apple reports better-than-anticipated Q4 revenue, earnings hurt by EU tax payment - Yahoo Finance","Apple reports better-than-anticipated Q4 revenue, earnings hurt by EU tax paymentYahoo Finance Apple sales rise 6%, company seeing early iPhone 16 demandCNBC Apple’s Quarterly Profit Down Because of Tax Payment in EuropeThe New York Times Apple to report Q4 e…",Slashdot.org,https://slashdot.org/firehose.pl?op=view&amp;id=175373155,01-11-2024 09:13,apple report betterthananticipated q revenue earnings hurt eu tax paymentyahoo finance apple sale rise company seeing early iphone demandcnbc apple quarterly profit tax payment europethe new york time apple report q e
"2025년이 더 문제, 미국 대선에 금리인하 달렸다","Why the Fed Cut Rates and Mortgage Rates Jumped https://t.co/tw3oUJUJoS— Bloomberg Economics (@economics) October 21, 2024 US mortgage applications for both home purchases and refinancing dropped last week to the lowest levels since August, hobbled by a recen…",Tistory.com,https://ryueyes11.tistory.com/511215,01-11-2024 09:07,fed cut rate mortgage rate jumped bloomberg economics economics october u mortgage application home purchase refinancing dropped last week lowest level since august hobbled recen
UK house price growth slows in October,"The average UK house price in October was £265,738, according to Nationwide.",Yahoo Entertainment,https://uk.finance.yahoo.com/news/house-price-growth-slows-october-nationwide-073859971.html,01-11-2024 07:38,average uk house price october according nationwide
Apple earnings underline Apple Intelligence is key: Analyst - Yahoo Finance,"Apple earnings underline Apple Intelligence is key: AnalystYahoo Finance Apple sales rise 6%, company seeing early iPhone 16 demandCNBC Apple’s AI-enhanced iPhones help tech giant’s earnings beatCointelegraph Apple sells $46 billion worth of iPhones over the …",Slashdot.org,https://slashdot.org/firehose.pl?op=view&amp;id=175372673,01-11-2024 06:52,apple earnings underline apple intelligence key analystyahoo finance apple sale rise company seeing early iphone demandcnbc apple aienhanced iphones help tech giant earnings beatcointelegraph apple sell billion worth iphones
Low consumer spending in China hinders economy there and abroad,U.S. Treasury Secretary Janet Yellen has joined several independent economists to express her frustration about low consumer spending and the property crisis in China. Some experts have expressed disappointment over Beijing's limited measures to stimulate con…,Globalsecurity.org,https://www.globalsecurity.org/wmd/library/news/china/2024/10/china-241031-voa01.htm,01-11-2024 06:49,u treasury secretary janet yellen joined several independent economist express frustration low consumer spending property crisis china expert expressed disappointment beijing limited measure stimulate con
Infosec products of the month: October 2024,"Here’s a look at the most interesting products from the past month, featuring releases from: Action1, Balbix, BreachLock, Commvault, Dashlane, Data Theorem, Edgio, ExtraHop, Fastly, Frontegg, GitGuardian, IBM, Ivanti, Jumio, Kusari, Legit Security, Metomic, N…",Help Net Security,https://www.helpnetsecurity.com/2024/11/01/infosec-products-of-the-month-october-2024/,01-11-2024 04:00,here look interesting product past month featuring release action balbix breachlock commvault dashlane data theorem edgio extrahop fastly frontegg gitguardian ibm ivanti jumio kusari legit security metomic n
Apple’s Quarterly Profit Down Because of Tax Payment in Europe - The New York Times,"Apple’s Quarterly Profit Down Because of Tax Payment in EuropeThe New York Times Apple sales rise 6%, company seeing early iPhone 16 demandCNBC Apple’s China Sales Remain Weak Spot in Otherwise Solid QuarterBloomberg Apple to report Q4 earnings as Wall Street…",Slashdot.org,https://slashdot.org/firehose.pl?op=view&amp;id=175371709,01-11-2024 02:53,apple quarterly profit tax payment europethe new york time apple sale rise company seeing early iphone demandcnbc apple china sale remain weak spot otherwise solid quarterbloomberg apple report q earnings wall street
Apple beats Wall Street’s targets as iPhone 16 sales get off to a solid start,"Apple Inc. topped Wall Street’s expectations on earnings and revenue as it delivered its fourth quarter earnings results today, but its stock wavered in extended trading after it reported yet another decline in sales in Greater China. The iPhone maker reporte…",SiliconANGLE News,https://siliconangle.com/2024/10/31/apple-beats-wall-streets-targets-iphone-16-sales-get-off-solid-start/,01-11-2024 01:52,apple inc topped wall street expectation earnings revenue delivered fourth quarter earnings result today stock wavered extended trading reported yet another decline sale greater china iphone maker reporte
[Finterest] Are global tech funds the missing piece in your investment portfolio?,Rappler spoke with Pru Life UK and ATRAM to learn more about their global tech fund that invests in the tech titans that power today's digital world,Rappler,https://www.rappler.com/business/finterest-global-tech-funds-missing-piece-investment-portfolio/,01-11-2024 00:28,rappler spoke pru life uk atram learn global tech fund invests tech titan power today digital world
