Title,Description,Publisher,Link,Published Time,processed_text
South Korea fined Meta $15.67M for illegally collecting and sharing Facebook users,"South Korea fined Meta $15.67M for illegally collecting and sharing Facebook users’ sensitive data, including political views and sexual orientation, with advertisers. South Korea’s data privacy watchdog, Personal Information Protection Commission (PIPC), fin…",Securityaffairs.com,https://securityaffairs.com/170618/digital-id/south-korea-fined-meta-15-67m.html,06-11-2024 12:00,south korea fined meta illegally collecting sharing facebook user sensitive data including political view sexual orientation advertiser south korea data privacy watchdog personal information protection commission pipc fin
"Lmcg Investments LLC Decreases Position in Meta Platforms, Inc. (NASDAQ:META)","Lmcg Investments LLC lowered its position in Meta Platforms, Inc. (NASDAQ:META – Free Report) by 1.3% in the third quarter, HoldingsChannel reports. The institutional investor owned 22,032 shares of the social networking company’s stock after selling 298 shar…",ETF Daily News,https://www.etfdailynews.com/2024/11/06/lmcg-investments-llc-decreases-position-in-meta-platforms-inc-nasdaqmeta/,06-11-2024 11:34,lmcg investment llc lowered position meta platform inc nasdaqmeta free report third quarter holdingschannel report institutional investor owned share social networking company stock selling shar
Tech leaders plan $800 Tel Aviv - New York return fares,"DemocraTech announced it is holding talks to operate an airline between Israel and the US between January and March, intending to open it up to the general public.",The Jerusalem Post,https://www.jpost.com/international/article-827810,06-11-2024 10:30,democratech announced holding talk operate airline israel u january march intending open general public
Synology fixed critical flaw impacting millions of DiskStation and BeePhotos NAS devices,"Synology addressed a critical vulnerability in DiskStation and BeePhotos NAS devices that could lead to remote code execution. Taiwanese vendor Synology has addressed a critical security vulnerability, tracked as CVE-2024-10443, that impacts DiskStation and B…",Securityaffairs.com,https://securityaffairs.com/170602/hacking/synology-fixed-critical-bug-in-diskstation-and-beephotos-nas.html,06-11-2024 09:09,synology addressed critical vulnerability diskstation beephotos na device could lead remote code execution taiwanese vendor synology addressed critical security vulnerability tracked cve impact diskstation b
DJT stock surges in premarket trading as Trump clinches election win,"It's set to be another volatile trading session for Trump Media & Technology Group (DJT), the home of Republican nominee Donald Trump's social media platform...",Yahoo Entertainment,https://finance.yahoo.com/news/djt-stock-surges-in-premarket-trading-as-trump-clinches-election-win-071432845.html,06-11-2024 07:14,set another volatile trading session trump medium technology group djt home republican nominee donald trump social medium platform
DJT stock jumps in after-hours trading as Trump gains election edge,"It's set to be another volatile trading session for Trump Media & Technology Group (DJT), the home of Republican nominee Donald Trump's social media platform...",Yahoo Entertainment,https://finance.yahoo.com/news/djt-stock-jumps-in-after-hours-trading-as-trump-gains-election-edge-071432307.html,06-11-2024 07:14,set another volatile trading session trump medium technology group djt home republican nominee donald trump social medium platform
Dublin Airport set to exceed passenger cap this year,"The best news, analysis and comment from The Irish Times business desk",The Irish Times,https://www.irishtimes.com/business/2024/11/06/dublin-airport-set-to-exceed-passenger-cap-this-year/,06-11-2024 06:34,best news analysis comment irish time business desk
ETMarkets PMS Talk: Identifying 'Compounding Machines': Sundaram’s strategy for high growth stocks,"It’s not just last month, the strategy has seen a good turnaround in performance in the last 6 months and in the last 6 years, it has created high single-digit alpha over the Nifty50 index.",The Times of India,https://economictimes.indiatimes.com/markets/expert-view/etmarkets-pms-talk-identifying-compounding-machines-sundarams-strategy-for-high-growth-stocks/articleshow/114972156.cms,06-11-2024 03:30,last month strategy seen good turnaround performance last month last year created high singledigit alpha nifty index
Company executives are speaking out on Election Day: Starbucks' Howard Schultz calls for a peaceful transition of power,"Business leaders including Howard Schultz, Elon Musk, and Reid Hoffman weigh in on Election Day for Donald Trump, Kamala Harris — or simply peace.",Business Insider,https://www.businessinsider.com/election-day-executives-speak-trump-harris-starbucks-meta-musk-2024-11,05-11-2024 22:01,business leader including howard schultz elon musk reid hoffman weigh election day donald trump kamala harris simply peace
"ToxicPanda Android banking trojan targets Europe and LATAM, with a focus on Italy","The ToxicPanda Android malware has infected over 1,500 devices, enabling attackers to perform fraudulent banking transactions. Cleafy researchers spotted a new Android banking malware, dubbed ToxicPanda, which already infected over 1,500 Android devices. The …",Securityaffairs.com,https://securityaffairs.com/170605/malware/toxicpanda-android-malware-targets-italy.html,05-11-2024 21:25,toxicpanda android malware infected device enabling attacker perform fraudulent banking transaction cleafy researcher spotted new android banking malware dubbed toxicpanda already infected android device
Bridging AI and business innovation: Angelina You’s mission to transform customer service with Statifi,"With a focus on the growing needs of businesses, Statifi presents AI-powered solutions for customer service
The post Bridging AI and business innovation: Angelina You’s mission to transform customer service with Statifi appeared first on Digital Journal.",Digital Journal,https://www.digitaljournal.com/tech-science/bridging-ai-and-business-innovation-angelina-yous-mission-to-transform-customer-service-with-statifi/article,05-11-2024 18:47,focus growing need business statifi present aipowered solution customer service post bridging ai business innovation angelina yous mission transform customer service statifi appeared first digital journal
Meta’s military push is as much about the battle for open-source AI as it is about actual battles,"Meta makes its model available to the U.S. military with a pitch that's largely about defending its ""open source AI"" framing.",Fortune,https://fortune.com/2024/11/05/metas-military-push-battle-for-open-source-ai/,05-11-2024 16:43,meta make model available u military pitch thats largely defending open source ai framing
Meta Makes Its Llama AI Model Available to US Government Agencies,"Meta announced a shift in its AI policy, saying it will make its Llama AI models available to US government agencies for defense and national security needs.",WebProNews,https://www.webpronews.com/meta-makes-its-llama-ai-model-available-to-us-government-agencies/,05-11-2024 15:47,meta announced shift ai policy saying make llama ai model available u government agency defense national security need
A detailed analysis of game statistics of professional tennis players: An inferential and machine learning approach,"Tennis, a widely enjoyed sport, motivates athletes and coaches to optimize training for competitive success. This retrospective predictive study examines anthropometric features and statistics of 1990 tennis players in the 2022 season, using 20,040 data point…",Plos.org,https://journals.plos.org/plosone/article?id=10.1371/journal.pone.0309085,05-11-2024 14:00,tennis widely enjoyed sport motivates athlete coach optimize training competitive success retrospective predictive study examines anthropometric feature statistic tennis player season using data point
Meta gives US government its powerful AI after China took it and weaponized it,"Meta has announced that it will make its powerful artificial intelligence models available to US governments, including those working on defense. Continue reading at TweakTown >",TweakTown,https://www.tweaktown.com/news/101511/meta-gives-us-government-its-powerful-ai-after-china-took-it-and-weaponized/index.html,05-11-2024 12:32,meta announced make powerful artificial intelligence model available u government including working defense continue reading tweaktown
U.S. CISA adds PTZOptics camera bugs to its Known Exploited Vulnerabilities catalog,U.S. Cybersecurity and Infrastructure Security Agency (CISA) adds PTZOptics PT30X-SDI/NDI camera bugs to its Known Exploited Vulnerabilities catalog. The U.S. Cybersecurity and Infrastructure Security Agency (CISA) added the following vulnerabilities to its K…,Securityaffairs.com,https://securityaffairs.com/170595/security/u-s-cisa-adds-ptzoptics-camera-bugs-to-its-known-exploited-vulnerabilities-catalog.html,05-11-2024 12:23,u cybersecurity infrastructure security agency cisa add ptzoptics ptxsdindi camera bug known exploited vulnerability catalog u cybersecurity infrastructure security agency cisa added following vulnerability k
Canadian authorities arrested alleged Snowflake hacker,"Canadian authorities arrested a suspect linked to multiple hacks following a breach of cloud data platform Snowflake earlier this year. Canadian law enforcement agencies arrested a suspect, Alexander “Connor” Moucka (aka Judische and Waifu), who is accused of…",Securityaffairs.com,https://securityaffairs.com/170587/cyber-crime/canadian-authorities-arrested-snowflake-hacker.html,05-11-2024 11:19,canadian authority arrested suspect linked multiple hack following breach cloud data platform snowflake earlier year canadian law enforcement agency arrested suspect alexander connor moucka aka judische waifu accused
"Android flaw CVE-2024-43093 may be under limited, targeted exploitation","Google warned that a vulnerability, tracked as CVE-2024-43093, in the Android OS is actively exploited in the wild. Threat actors are actively exploiting a vulnerability, tracked as CVE-2024-43093, in the Android OS, Google warns. The vulnerability is a privi…",Securityaffairs.com,https://securityaffairs.com/170581/uncategorized/cve-2024-43093-android-flaw-actively-exploited.html,05-11-2024 08:51,google warned vulnerability tracked cve android o actively exploited wild threat actor actively exploiting vulnerability tracked cve android o google warns vulnerability privi
OpenAI Newly Released SimpleQA Helps Reveal That Generative AI Blatantly And Alarmingly Overstates What It Knows,"OpenAI released SimpleQA, a new benchmark for generative AI. During the work, they uncovered a serious qualm about AI being supremely overconfident. Here's the scoop.",Forbes,https://www.forbes.com/sites/lanceeliot/2024/11/05/openai-newly-released-simpleqa-helps-reveal-that-generative-ai-blatantly-and-alarmingly-overstates-what-it-knows/,05-11-2024 07:11,openai released simpleqa new benchmark generative ai work uncovered serious qualm ai supremely overconfident here scoop
Metaplanet Joins CoinShares' Blockchain Equity Index in First Global Listing,Metaplanet is touting enhanced shareholder value through “disciplined Bitcoin accumulation” following its inclusion in the CoinShares Index.,Decrypt,https://decrypt.co/290172/metaplanet-joins-coinshares-blockchain-equity-index-in-first-global-listing,05-11-2024 05:06,metaplanet touting enhanced shareholder value disciplined bitcoin accumulation following inclusion coinshares index
Meta's Llama models now available to U.S. government agencies,"Meta is making its open source AI model, Llama, available to U.S. government agencies for use in defense and national security applications. Read more...",Neowin,https://www.neowin.net/news/metas-llama-models-now-available-to-us-government-agencies/,05-11-2024 04:10,meta making open source ai model llama available u government agency use defense national security application read
Trump or Harris? The Stakes Couldn’t Be Higher,"This post Trump or Harris? The Stakes Couldn’t Be Higher appeared first on Daily Reckoning.
We'll see what America thinks tomorrow
The post Trump or Harris? The Stakes Couldn’t Be Higher appeared first on Daily Reckoning.",Dailyreckoning.com,https://dailyreckoning.com/trump-or-harris-the-stakes-couldnt-be-higher/,04-11-2024 23:00,post trump harris stake couldnt higher appeared first daily reckoning well see america think tomorrow post trump harris stake couldnt higher appeared first daily reckoning
All of the winners from The Drum Awards for Advertising 2024,"FCB Chicago took the Grand Prix for its work with Dramamine, while David Madrid received the President’s Award for its work with JCDecaux.As part of The Drum’s annual Awards Festival, today we celebrated The Drum Awards for Advertising.Taking home the top pri…",The Drum,https://www.thedrum.com/news/2024/11/04/all-the-winners-the-drum-awards-advertising-2024,04-11-2024 23:00,fcb chicago took grand prix work dramamine david madrid received president award work jcdecauxas part drum annual award festival today celebrated drum award advertisingtaking home top pri
Amazon's a company investors can 'put money to work in': Analyst,"Big tech companies, including Amazon (AMZN), Meta Platforms (META), and Alphabet (GOOG, GOOGL), posted solid third earnings this season. Despite the strong...",Yahoo Entertainment,https://finance.yahoo.com/video/amazons-company-investors-put-money-225700217.html,04-11-2024 22:57,big tech company including amazon amzn meta platform meta alphabet goog googl posted solid third earnings season despite strong
"July 2024 ransomware attack on the City of Columbus impacted 500,000 people","The July 2024 ransomware attack that hit the City of Columbus, Ohio, exposed the personal and financial data of 500,000 individuals. On July 18, 2024, the City of Columbus, Ohio, suffered a cyber attack that impacted the City’s services. On July 29, 2024, the…",Securityaffairs.com,https://securityaffairs.com/170568/data-breach/city-of-columbus-ransomware-attack-impacted-500000-people.html,04-11-2024 22:53,july ransomware attack hit city columbus ohio exposed personal financial data individual july city columbus ohio suffered cyber attack impacted city service july
Stock market today: Dow leads stocks lower as Wall Street braces for Election Day,Investors are bracing for a week of potentially huge market-moving events — the presidential election and the Federal Reserve policy decision.,Yahoo Entertainment,https://finance.yahoo.com/news/live/stock-market-today-dow-leads-stocks-lower-as-wall-street-braces-for-election-day-210042676.html,04-11-2024 21:00,investor bracing week potentially huge marketmoving event presidential election federal reserve policy decision
COTI CEO: ‘Privacy is a Building Block’,"For Shahaf Bar-Geffen, CEO of COTI, blockchain privacy is more than just a narrative—it’s a “fundamental” necessity for Web3.",Decrypt,https://decrypt.co/289381/coti-ceo-privacy-is-a-building-block,04-11-2024 18:01,shahaf bargeffen ceo coti blockchain privacy narrativeits fundamental necessity web
Nigerian man Sentenced to 26+ years in real estate phishing scams,Nigerian Kolade Ojelade gets 26 years in U.S. for phishing scams that stole millions by hacking email accounts. A Nigerian national was sentenced to 26 years in prison in the US for stealing millions by compromising the email accounts of real estate businesse…,Securityaffairs.com,https://securityaffairs.com/170561/cyber-crime/nigerian-man-26-years-jail-phishing-scams.html,04-11-2024 14:28,nigerian kolade ojelade get year u phishing scam stole million hacking email account nigerian national sentenced year prison u stealing million compromising email account real estate businesse
28-Year-Old Software Developer Who Retired After Working Just 7 Years Shares His Stock Portfolio and Story–'I Do Not Regret It One Bit',"As living costs soar, many Americans are rushing to save and invest to achieve financial independence or ensure a comfortable retirement. A recent Gallup...",Yahoo Entertainment,https://finance.yahoo.com/news/28-old-software-developer-retired-140016497.html,04-11-2024 14:00,living cost soar many american rushing save invest achieve financial independence ensure comfortable retirement recent gallup
"Mapping schistosomiasis risk landscapes and implications for disease control: A case study for low endemic areas in the Middle Paranapanema river basin, São Paulo, Brazil",Author summary Schistosomiasis is a Neglected Tropical Disease whose transmission in Brazil is related to human contact with water contaminated by the trematode parasite Schistosoma mansoni. The national prevalence survey from 2011–2015 revealed a decline in …,Plos.org,https://journals.plos.org/plosntds/article?id=10.1371/journal.pntd.0012582,04-11-2024 14:00,author summary schistosomiasis neglected tropical disease whose transmission brazil related human contact water contaminated trematode parasite schistosoma mansoni national prevalence survey revealed decline
"The hour of reckoning in the US, oligarchs applying pressure and making demands, the cabinet reshuffle and Schinas, the tax troubles of Kasselakis’ father with the IRS","Hello, the hour of reckoning has arrived for the new leader of the free world, and naturally, this week, something quite dramatic would need to happen to shift the spotlight from this major event that occurs once every four years and politically, geostrategic…",Protothema.gr,https://en.protothema.gr/2024/11/04/the-hour-of-reckoning-in-the-us-oligarchs-applying-pressure-and-making-demands-the-cabinet-reshuffle-and-schinas-the-tax-troubles-of-kasselakis-father-with-the-irs/,04-11-2024 10:12,hello hour reckoning arrived new leader free world naturally week something quite dramatic would need happen shift spotlight major event occurs every four year politically geostrategic
Russian disinformation campaign active ahead of 2024 US election,"U.S. intel says Russia made a fake video claiming Haitians voted illegally in Georgia, aiming to spread election disinformation. U.S. intel reports Russia created a fake viral video falsely claiming Haitians illegally voted multiple times in Georgia, aiming t…",Securityaffairs.com,https://securityaffairs.com/170551/intelligence/russia-disinformation-us-election-2024.html,04-11-2024 10:07,u intel say russia made fake video claiming haitian voted illegally georgia aiming spread election disinformation u intel report russia created fake viral video falsely claiming haitian illegally voted multiple time georgia aiming
36 Google Ads Statistics You Should Know,Discover the latest Google Ads statistics. Stay ahead with industry-specific data and trend forecasts.,Semrush.com,https://www.semrush.com/blog/google-ads-statistics/,04-11-2024 09:27,discover latest google ad statistic stay ahead industryspecific data trend forecast
"Generative AI faces bottlenecks from limited data, rising resource demands, and copper shortages","Generative AI requires ample resources, yet challenges such as limited high-quality data, rising freshwater and electricity consumption in data centers, and a widening copper supply gap may emerge as critical bottlenecks to AI progress.",Digitimes,https://www.digitimes.com/news/a20241031PD212/genai-data-demand-copper.html,04-11-2024 07:27,generative ai requires ample resource yet challenge limited highquality data rising freshwater electricity consumption data center widening copper supply gap may emerge critical bottleneck ai progress
International law enforcement operation shut down DDoS-for-hire platform Dstat.cc,"German police shut down DDoS-for-hire platform Dstat.cc and arrested two men accused of operating the site used for launching DDoS attacks. German police shut down the DDoS-for-hire platform Dstat.cc that allowed its customers to launch DDoS attacks. Two men,…",Securityaffairs.com,https://securityaffairs.com/170540/cyber-crime/german-police-shut-down-ddos-for-hire-platform-dstat-cc.html,04-11-2024 06:24,german police shut ddosforhire platform dstatcc arrested two men accused operating site used launching ddos attack german police shut ddosforhire platform dstatcc allowed customer launch ddos attack two men
"Dividend Investor Earning $9,495 Per Month Regrets Not Focusing on Dividends Sooner, Shares His 10 Stock, ETF Picks",Major technology stocks like Meta Platforms and Microsoft fell after their latest earnings as Wall Street was spooked by their mounting expenses and AI...,Yahoo Entertainment,https://finance.yahoo.com/news/dividend-investor-earning-9-495-160013510.html,03-11-2024 16:00,major technology stock like meta platform microsoft fell latest earnings wall street spooked mounting expense ai
SECURITY AFFAIRS MALWARE NEWSLETTER – ROUND 18,Security Affairs Malware newsletter includes a collection of the best articles and research on malware in the international landscape. Security Affairs Malware newsletter includes a collection of the best articles and research on malware in the international …,Securityaffairs.com,https://securityaffairs.com/170532/malware/security-affairs-malware-newsletter-round-18.html,03-11-2024 14:23,security affair malware newsletter includes collection best article research malware international landscape security affair malware newsletter includes collection best article research malware international
Security Affairs newsletter Round 496 by Pierluigi Paganini – INTERNATIONAL EDITION,"A new round of the weekly SecurityAffairs newsletter arrived! Every week the best security articles from Security Affairs are free in your email box. Enjoy a new round of the weekly SecurityAffairs newsletter, including the international press. Chinese threat…",Securityaffairs.com,https://securityaffairs.com/170525/breaking-news/security-affairs-newsletter-round-496-by-pierluigi-paganini-international-edition.html,03-11-2024 14:13,new round weekly securityaffairs newsletter arrived every week best security article security affair free email box enjoy new round weekly securityaffairs newsletter including international press chinese threat
US Election 2024 – FBI warning about fake election videos,"US Election 2024 – The FBI warned that two fake videos on X spread false claims of ballot fraud and misinformation about Kamala Harris’s husband. In a post on X on Saturday, the Federal Bureau of Investigation (FBI) said the two videos were spreading rumours …",Securityaffairs.com,https://securityaffairs.com/170514/security/us-election-2024-fbi-warning-about-fake-election-videos.html,03-11-2024 12:10,u election fbi warned two fake video x spread false claim ballot fraud misinformation kamala harris husband post x saturday federal bureau investigation fbi said two video spreading rumour
Chinese threat actors use Quad7 botnet in password-spray attacks,"Microsoft warns Chinese threat actors are using the Quad7 botnet to carry out password-spray attacks and steal credentials. Chinese threat actors use the Quad7 botnet in password-spray attacks to steal credentials, Microsoft warns. Quad7 botnet, also known as…",Securityaffairs.com,https://securityaffairs.com/170503/malware/quad7-botnet-used-by-chinese-threat-actors.html,03-11-2024 10:09,microsoft warns chinese threat actor using quad botnet carry passwordspray attack steal credential chinese threat actor use quad botnet passwordspray attack steal credential microsoft warns quad botnet also known
"Week in review: Windows Themes spoofing bug “returns”, employees phished via Microsoft Teams","Here’s an overview of some of last week’s most interesting news, articles, interviews and videos: Patching problems: The “return” of a Windows Themes spoofing vulnerability Despite two patching attempts, a security issue that may allow attackers to compromise…",Help Net Security,https://www.helpnetsecurity.com/2024/11/03/week-in-review-windows-themes-spoofing-bug-returns-employees-phished-via-microsoft-teams/,03-11-2024 09:00,here overview last week interesting news article interview video patching problem return window theme spoofing vulnerability despite two patching attempt security issue may allow attacker compromise
Lawmakers are vetting the EU chief's new team. It might be tough but she has the right on her side,The influence of nationalist and populist parties on the European Union will be on public display next week when lawmakers vet new members of the bloc's increasingly powerful executive branch,ABC News,https://abcnews.go.com/International/wireStory/lawmakers-vetting-eu-chiefs-new-team-tough-side-115436406,03-11-2024 08:20,influence nationalist populist party european union public display next week lawmaker vet new member bloc increasingly powerful executive branch
Why Wiz really turned down Google’s $23B offer,"Welcome back to Week in Review. This week, we’re coming at you right off the heels of TechCrunch Disrupt! If you missed it, we’re highlighting conversations from Perplexity CEO Aravind Srinivas, WordPress co-founder Matt Mullenweg, and Disney star turned spac…",TechCrunch,https://techcrunch.com/2024/11/02/why-wiz-really-turned-down-googles-23b-offer/,02-11-2024 20:15,welcome back week review week coming right heel techcrunch disrupt missed highlighting conversation perplexity ceo aravind srinivas wordpress cofounder matt mullenweg disney star turned spac
Why Jamie Dimon is Sam Altman’s biggest competitor,"Investors have poured north of $30 billion into independent foundation model players, including OpenAI, Anthropic PBC, Cohere Inc. and Mistral AI as well as others. OpenAI itself has raised more than $20 billion. To keep pace, both Meta Platforms Inc. and xAI…",SiliconANGLE News,https://siliconangle.com/2024/11/02/jamie-dimon-sam-altmans-biggest-competitor/,02-11-2024 19:02,investor poured north billion independent foundation model player including openai anthropic pbc cohere inc mistral ai well others openai raised billion keep pace meta platform inc xai
"Nvidia to join Dow Jones Industrial Average, replacing rival chipmaker Intel","Nvidia is replacing rival chipmaker Intel in the Dow Jones Industrial Average, a shakeup to the blue-chip index that reflects the boom in artificial intelligence and a major shift in the semiconductor industry.",NBC News,https://www.nbcnews.com/business/nvidia-replaces-intel-dow-jones-rcna178524,02-11-2024 18:31,nvidia replacing rival chipmaker intel dow jones industrial average shakeup bluechip index reflects boom artificial intelligence major shift semiconductor industry
FBI arrested former Disney World employee for hacking computer menus and mislabeling allergy info,"A former Disney World employee hacked servers after being fired, altering prices, adding profanities, and mislabeling allergy info. A former Walt Disney World employee hacked servers after being fired by the company. He is accused of changing prices, adding p…",Securityaffairs.com,https://securityaffairs.com/170489/cyber-crime/former-disney-world-employee-arrested.html,02-11-2024 18:17,former disney world employee hacked server fired altering price adding profanity mislabeling allergy info former walt disney world employee hacked server fired company accused changing price adding p
NVIDIA Replaces Rival Chipmaker Intel on the Dow Jones Industrial Average,"In 1896 the Dow Jones Industrial Average (or DJIA) was created as a kind of proxy indicator for the wider stock market. ""A stock is typically added only if the company has an excellent reputation, demonstrates sustained growth and is of interest to a large nu…",Slashdot.org,https://hardware.slashdot.org/story/24/11/02/0328233/nvidia-replaces-rival-chipmaker-intel-on-the-dow-jones-industrial-average,02-11-2024 17:34,dow jones industrial average djia created kind proxy indicator wider stock market stock typically added company excellent reputation demonstrates sustained growth interest large nu
Sophos details five years of China-linked threat actors’ activity targeting network devices worldwide,"Sophos used custom implants to monitor China-linked thret actors targeting firewall zero-days in a years-long battle. Sophos revealed a years-long “cat-and-mouse” battle with China-linked threat actors, using custom implants to track the attackers’ activities…",Securityaffairs.com,https://securityaffairs.com/170469/apt/china-linked-threat-actors-activity-targeting-network-devices-worldwide.html,02-11-2024 16:12,sophos used custom implant monitor chinalinked thret actor targeting firewall zerodays yearslong battle sophos revealed yearslong catandmouse battle chinalinked threat actor using custom implant track attacker activity
"Tesla, AMD And Nvidia Show Higher Volatility Than Bitcoin In October 2024","Leading tech stocks display greater price fluctuations than bitcoin, reflecting evolving digital asset trends.",Forbes,https://www.forbes.com/sites/digital-assets/2024/11/02/tesla-amd-and-nvidia-show-higher-volatility-than-bitcoin-in-october-2024/,02-11-2024 08:25,leading tech stock display greater price fluctuation bitcoin reflecting evolving digital asset trend
PTZOptics cameras zero-days actively exploited in the wild,"Hackers are exploiting two zero-day vulnerabilities, tracked as CVE-2024-8956 and CVE-2024-8957, in PTZOptics cameras. Threat actors are attempting to exploit two zero-day vulnerabilities, tracked as CVE-2024-8956 and CVE-2024-8957, in PTZOptics pan-tilt-zoom…",Securityaffairs.com,https://securityaffairs.com/170456/hacking/ptzoptics-cameras-flaws-exploited.html,02-11-2024 07:16,hacker exploiting two zeroday vulnerability tracked cve cve ptzoptics camera threat actor attempting exploit two zeroday vulnerability tracked cve cve ptzoptics pantiltzoom
Meta is making a robot hand that can ‘feel’ touch - TechCrunch,Meta is making a robot hand that can ‘feel’ touchTechCrunch Meta working on a robotic hand that allows AI models to sense and detect change in surroundingsThe Indian Express Meta AI researchers give robots a sense of touch and we're getting all the creepy fee…,Slashdot.org,https://slashdot.org/firehose.pl?op=view&amp;id=175379691,02-11-2024 07:12,meta making robot hand feel touchtechcrunch meta working robotic hand allows ai model sense detect change surroundingsthe indian express meta ai researcher give robot sense touch getting creepy fee
"Nvidia To Join Dow Jones Industrial Average, Replacing Intel","Nvidia is replacing rival chipmaker Intel in the Dow Jones Industrial Average, a shakeup to the blue-chip index that reflects the boom in artificial intelligence and a major shift in the semiconductor industry. Intel shares were down 1% in extended trading on…",Slashdot.org,https://slashdot.org/submission/17329399/nvidia-to-join-dow-jones-industrial-average-replacing-intel,02-11-2024 03:32,nvidia replacing rival chipmaker intel dow jones industrial average shakeup bluechip index reflects boom artificial intelligence major shift semiconductor industry intel share extended trading
New LightSpy spyware version targets iPhones with destructive capabilities,"New LightSpy spyware targets iPhones supporting destructive features that can block compromised devices from booting up. In May 2024, ThreatFabric researchers discovered a macOS version of LightSpy spyware that has been active in the wild since at least Janua…",Securityaffairs.com,https://securityaffairs.com/170447/malware/lightspy-spyware-targets-iphones.html,01-11-2024 19:51,new lightspy spyware target iphones supporting destructive feature block compromised device booting may threatfabric researcher discovered macos version lightspy spyware active wild since least janua
European markets make gains after worst fall in a year,Dublin’s Iseq finished up 2.25% while FTSE rebounds,The Irish Times,https://www.irishtimes.com/business/2024/11/01/european-markets-make-gains-after-worst-fall-in-a-year/,01-11-2024 18:33,dublin iseq finished ftse rebound
"DJT stock slumps 20% over last 5 days to cap volatile week ahead of Harris, Trump election","It was a volatile week for shares of Trump Media & Technology Group, the home of the Republican nominee's social media platform Truth Social.",Yahoo Entertainment,https://finance.yahoo.com/news/djt-stock-slumps-20-over-last-5-days-to-cap-volatile-week-ahead-of-harris-trump-election-174742097.html,01-11-2024 17:47,volatile week share trump medium technology group home republican nominee social medium platform truth social
LottieFiles confirmed a supply chain attack on Lottie-Player,"LottieFiles confirmed a supply chain attack on Lottie-Player, and threat actors targeted cryptocurrency wallets to steal funds. LottieFiles confirmed that threat actors have hacked the Lottie-Player software in a supply chain attack. Lottie-Player is a web co…",Securityaffairs.com,https://securityaffairs.com/170441/hacking/lottiefiles-confirmed-a-supply-chain-attack-on-lottie-player.html,01-11-2024 17:37,lottiefiles confirmed supply chain attack lottieplayer threat actor targeted cryptocurrency wallet steal fund lottiefiles confirmed threat actor hacked lottieplayer software supply chain attack lottieplayer web co
Trick Or Treat? Dow Keeps Pace With 2023's Strong Returns Despite Halloween Scare,"On October 31, 2024, the DJIA closed at 41,763.46, down 378.08 points or 0.90% for the day, in what could be described as more of a trick than a treat for investors.",Forbes,https://www.forbes.com/sites/danirvine/2024/11/01/trick-or-treat-dow-keeps-pace-with-2023s-strong-returns-despite-halloween-scare/,01-11-2024 15:09,october djia closed point day could described trick treat investor
"AI Update, November 1, 2024: AI News and Views From the Past Week",Catch up on select AI news and developments from the past week or so. Stay in the know. Read the full article at MarketingProfs,MarketingProfs.com,https://www.marketingprofs.com/opinions/2024/52275/ai-update-november-1-2024-ai-news-and-views-from-the-past-week,01-11-2024 14:00,catch select ai news development past week stay know read full article marketingprofs
Magnitude and factors associated with iron supplementation among pregnant women in anemia hot spot regions of Ethiopia: Multilevel analysis based on Bayesian approach,"Background According to World Health Organization, pregnant women should take an oral iron and folic acid every day for at least 3 months to prevent preterm birth, low birth weight, maternal anemia, and puerperal sepsis. In addition to keeping maternal health…",Plos.org,https://journals.plos.org/plosone/article?id=10.1371/journal.pone.0313116,01-11-2024 14:00,background according world health organization pregnant woman take oral iron folic acid every day least month prevent preterm birth low birth weight maternal anemia puerperal sepsis addition keeping maternal health
"Cathie Wood Shuffles Her Tech Deck: Continues Dumping Tesla And Palantir, Stocks Up On AMD And Meta","On Wednesday, Cathie Wood-led Ark Invest made some significant trades, with the most notable ones involving Tesla Inc (TSLA), Advanced Micro Devices Inc (AMD...",Yahoo Entertainment,https://finance.yahoo.com/news/cathie-wood-shuffles-her-tech-130107425.html,01-11-2024 13:01,wednesday cathie woodled ark invest made significant trade notable one involving tesla inc tsla advanced micro device inc amd
Unmasking the invisible: Confronting hidden fraud risks in finance (Ben O'Brien),"While many financial institutions have implemented robust prevention systems, less obvious vulnerabi...",Finextra,https://www.finextra.com/blogposting/27125/unmasking-the-invisible-confronting-hidden-fraud-risks-in-finance,01-11-2024 12:51,many financial institution implemented robust prevention system le obvious vulnerabi
"Stock market today: Nasdaq, S&P 500 rebound amid Amazon cheer, jobs report",Markets are taking a big miss in the monthly jobs report in their stride as they welcome Amazon and Intel's results.,Yahoo Entertainment,https://finance.yahoo.com/news/live/stock-market-today-nasdaq-sp-500-rebound-amid-amazon-cheer-jobs-report-124606593.html,01-11-2024 12:46,market taking big miss monthly job report stride welcome amazon intels result
The new CFO of a $2 billion AI firm plans to steer strategy with the CEO,Chris Nagy joins Salesloft as CFO bringing more than 25 years of experience.,Fortune,https://fortune.com/2024/11/01/the-new-cfo-of-a-2-billion-ai-firm-plans-to-steer-strategy-with-the-ceo/,01-11-2024 11:17,chris nagy join salesloft cfo bringing year experience
Europe’s Existential AI Challenge,"If the European Union and its member states want to thrive and safeguard their sovereignty in the twenty-first century, they must get their commercial house in order. In the age of AI, a competitive startup ecosystem is a critical component of economic prospe…",Project Syndicate,https://www.project-syndicate.org/onpoint/europe-will-lose-ai-race-unless-it-fixes-startup-ecosystem-by-bertrand-badre-and-charles-ferguson-2024-11,01-11-2024 09:48,european union member state want thrive safeguard sovereignty twentyfirst century must get commercial house order age ai competitive startup ecosystem critical component economic prospe
"2025년이 더 문제, 미국 대선에 금리인하 달렸다","Why the Fed Cut Rates and Mortgage Rates Jumped https://t.co/tw3oUJUJoS— Bloomberg Economics (@economics) October 21, 2024 US mortgage applications for both home purchases and refinancing dropped last week to the lowest levels since August, hobbled by a recen…",Tistory.com,https://ryueyes11.tistory.com/511215,01-11-2024 09:07,fed cut rate mortgage rate jumped bloomberg economics economics october u mortgage application home purchase refinancing dropped last week lowest level since august hobbled recen
Microsoft CEO Satya Nadella's letter to shareholders: We were founded in 1975 with a belief ...,"In his annual letter marking Microsoft's 50th year, CEO Satya Nadella emphasizes the company's reinvention amid the AI shift, highlights significant achievements across industries, underscores record financial performance, and outlines priorities like cyberse…",The Times of India,https://economictimes.indiatimes.com/news/company/corporate-trends/microsoft-ceo-satya-nadellas-letter-to-shareholders-we-were-founded-in-1975-with-a-belief-/articleshow/114837362.cms,01-11-2024 05:39,annual letter marking microsofts th year ceo satya nadella emphasizes company reinvention amid ai shift highlight significant achievement across industry underscore record financial performance outline priority like cyberse
Apple beats Wall Street’s targets as iPhone 16 sales get off to a solid start,"Apple Inc. topped Wall Street’s expectations on earnings and revenue as it delivered its fourth quarter earnings results today, but its stock wavered in extended trading after it reported yet another decline in sales in Greater China. The iPhone maker reporte…",SiliconANGLE News,https://siliconangle.com/2024/10/31/apple-beats-wall-streets-targets-iphone-16-sales-get-off-solid-start/,01-11-2024 01:52,apple inc topped wall street expectation earnings revenue delivered fourth quarter earnings result today stock wavered extended trading reported yet another decline sale greater china iphone maker reporte
Amazon Stock Climbs in After-Hours on Quarterly Earnings - Barron's,"Amazon Stock Climbs in After-Hours on Quarterly EarningsBarron's Amazon shares pop on earnings beat, cloud growthCNBC AWS tops $10B in quarterly operating profits as Jassy cites 'reacceleration' of cloud businessGeekWire Why Amazon stock gains on earnings, un…",Slashdot.org,https://slashdot.org/firehose.pl?op=view&amp;id=175370425,31-10-2024 22:13,amazon stock climb afterhours quarterly earningsbarrons amazon share pop earnings beat cloud growthcnbc aws top b quarterly operating profit jassy cite reacceleration cloud businessgeekwire amazon stock gain earnings un
Tech stock sell-off wipes out Wall Street’s October gains - Financial Times,"Tech stock sell-off wipes out Wall Street’s October gainsFinancial Times Stocks making the biggest moves after hours: Amazon, Apple, Intel and moreCNBC Microsoft, Meta and the burden of expectations knock Wall Street sharply lowerLos Angeles Times Nasdaq, S&P…",Slashdot.org,https://slashdot.org/firehose.pl?op=view&amp;id=175370307,31-10-2024 21:53,tech stock selloff wipe wall street october gainsfinancial time stock making biggest move hour amazon apple intel morecnbc microsoft meta burden expectation knock wall street sharply lowerlos angeles time nasdaq sp
Addressing the health threats posed by climate change,Climate and health expert Renee Salas discusses the health harms posed by climate change as well as policies that could help mitigate the threat.,Harvard School of Engineering and Applied Sciences,https://www.hsph.harvard.edu/news/features/addressing-the-health-threats-posed-by-climate-change/,31-10-2024 20:25,climate health expert renee salas discus health harm posed climate change well policy could help mitigate threat
London stocks fall after UK budget announcement,Wall Street tumbles after warnings from Microsoft and Meta Platforms about escalating AI costs,The Irish Times,https://www.irishtimes.com/business/2024/10/31/london-stocks-fall-after-uk-budget-announcement/,31-10-2024 20:09,wall street tumble warning microsoft meta platform escalating ai cost
Nvidia stock sinks on fears of AI spending slowdown,Nvidia stock fell nearly 5% Thursday amid a widespread decline among chipmakers.,Yahoo Entertainment,https://finance.yahoo.com/news/nvidia-stock-sinks-on-fears-of-ai-spending-slowdown-185105032.html,31-10-2024 18:51,nvidia stock fell nearly thursday amid widespread decline among chipmakers
OpenAI’s search engine is now live in ChatGPT,SearchGPT web capabilities have been added to OpenAI’s ChatGPT for paid subscribers. They’ll come to other subscribers in a few weeks.,The Verge,https://www.theverge.com/2024/10/31/24283906/openai-chatgpt-live-web-search-searchgpt,31-10-2024 16:49,searchgpt web capability added openais chatgpt paid subscriber theyll come subscriber week
"Money, mission, and metamorphosis: can public interest journalism reinvent itself?",New global report reveals urgent need for innovative financing solutions as technology giants reshape media landscape,Journalism.co.uk,https://www.journalism.co.uk/news/money-mission-and-metamorphosis-can-public-interest-journalism-reinvent-itself-/s2/a1189682/,31-10-2024 16:17,new global report reveals urgent need innovative financing solution technology giant reshape medium landscape
AI Misuse Statistics: 50+ Worrying Stats and Facts,"These eye-opening AI misuse statistics will show you how not all applications of AI are positive. Artificial intelligence is now a key part of our daily lives. From medical research to student learning tools, it’s already streamlining industries across the bo…",MSPoweruser,https://mspoweruser.com/ai-misuse-statistics/,31-10-2024 15:33,eyeopening ai misuse statistic show application ai positive artificial intelligence key part daily life medical research student learning tool already streamlining industry across bo
Threat actor says Interbank refused to pay the ransom after a two-week negotiation,"Peruvian Interbank confirmed a data breach after threat actors accessed its systems and leaked stolen information online. Interbank, formally the Banco Internacional del Perú Service Holding S.A.A. is a leading Peruvian provider of financial services has over…",Securityaffairs.com,https://securityaffairs.com/170431/data-breach/interbank-refused-to-pay-the-ransom.html,31-10-2024 15:20,peruvian interbank confirmed data breach threat actor accessed system leaked stolen information online interbank formally banco internacional del per service holding saa leading peruvian provider financial service
Amazon stock pops after Q3 earnings beat,Amazon reported third quarter earnings on Thursday amid a volatile week for Big Tech stocks.,Yahoo Entertainment,https://finance.yahoo.com/news/amazon-stock-pops-after-q3-earnings-beat-150027690.html,31-10-2024 15:00,amazon reported third quarter earnings thursday amid volatile week big tech stock
Is There Game Theory To Today’s AI Industry?,"What these companies do may be instrumental for the next generation of reasoning AI systems. FINANCE AND VC, ENTERPRISE TECH, INNOVATION, ENERGY",Forbes,https://www.forbes.com/sites/johnwerner/2024/10/31/is-there-game-theory-to-todays-ai-industry/,31-10-2024 14:15,company may instrumental next generation reasoning ai system finance vc enterprise tech innovation energy
"Futures tumble as Meta, Microsoft cost warnings highlight AI trade risks - Yahoo Finance","Futures tumble as Meta, Microsoft cost warnings highlight AI trade risksYahoo Finance Stocks making biggest moves premarket: Carvana, eBay, Microsoft, Uber Technologies and moreCNBC Pre-Market: Dow Jones Futures Fall Ahead Of Fed Inflation Data; Meta, Microso…",Slashdot.org,https://slashdot.org/firehose.pl?op=view&amp;id=175367039,31-10-2024 12:53,future tumble meta microsoft cost warning highlight ai trade risksyahoo finance stock making biggest move premarket carvana ebay microsoft uber technology morecnbc premarket dow jones future fall ahead fed inflation data meta microso
Future of Business: Reid Hoffman on Managing Technological Change and Innovation,A conversation with the thought leader and serial entrepreneur about managing innovation in the age of generative AI.,Harvard Business Review,https://hbr.org/podcast/2024/10/future-of-business-reid-hoffman-on-managing-technological-change-and-innovation,31-10-2024 12:20,conversation thought leader serial entrepreneur managing innovation age generative ai
"Who's funding SF's $60 million election binge: Firefighters, tech execs and a billionaire mom","San Francisco's elections have cost donors more than $60 million, with cash flooding into contests over the next mayor, supervisors and ballot measures.",SFGate,https://www.sfgate.com/politics/article/sf-campaign-elections-biggest-donors-2024-19869665.php,31-10-2024 12:07,san franciscos election cost donor million cash flooding contest next mayor supervisor ballot measure
Meta no longer prolonging the life of datacentre servers,"During the earnings call for the company’s latest quarterly results, CFO Susan Li said Meta would be investing in GPU servers",ComputerWeekly.com,https://www.computerweekly.com/news/366614630/Meta-no-longer-prolonging-the-life-of-datacentre-servers,31-10-2024 11:45,earnings call company latest quarterly result cfo susan li said meta would investing gpu server
QNAP fixed second zero-day demonstrated at Pwn2Own Ireland 2024,"QNAP addressed the second zero-day vulnerability demonstrated by security researchers during the recent Pwn2Own Ireland 2024. Taiwanese manufacturer QNAP patched the second zero-day vulnerability, tracked as CVE-2024-50387, which was exploited by security res…",Securityaffairs.com,https://securityaffairs.com/170423/security/qnap-fixed-second-zero-day-demonstrated-pwn2own-ireland-2024.html,31-10-2024 09:45,qnap addressed second zeroday vulnerability demonstrated security researcher recent pwnown ireland taiwanese manufacturer qnap patched second zeroday vulnerability tracked cve exploited security re
Skeptical Science New Research for Week #44 2024,"Open access notables
Communicating the most accurate and reliable science on climate change to society: A survey of editors from the Intergovernmental Panel on Climate Change, Molina & Abadal Abadal, Geoscience Communication:

This study focuses on the perspe…",Skepticalscience.com,https://skepticalscience.com/new_research_2024_44.html,31-10-2024 07:39,open access notable communicating accurate reliable science climate change society survey editor intergovernmental panel climate change molina abadal abadal geoscience communication study focus perspe
Even Mark Zuckerberg seems surprised by Meta's pace of spending on AI - CNBC,"Even Mark Zuckerberg seems surprised by Meta's pace of spending on AICNBC Meta posts Q3 earnings beat, but stock falls on heavy spending plansYahoo Finance Meta Sales Narrowly Beat as AI Spending Continues to RiseBloomberg Tech Futures Fall As Two Titans, Thr…",Slashdot.org,https://slashdot.org/firehose.pl?op=view&amp;id=175365123,31-10-2024 04:12,even mark zuckerberg seems surprised metas pace spending aicnbc meta post q earnings beat stock fall heavy spending plansyahoo finance meta sale narrowly beat ai spending continues risebloomberg tech future fall two titan thr
미국 대선이 공급망과 경제에 미치는 영향,"South Korea’s biggest company looked poised to ride the AI boom, until it missed its window and disappointed investors: Here’s your Evening Briefing https://t.co/zRQtXNFXcX— BN Commodities (@BNCommodities) October 30, 2024 Hyundai Motor Co. unveiled a new hyd…",Tistory.com,https://ryueyes11.tistory.com/511207,31-10-2024 03:27,south korea biggest company looked poised ride ai boom missed window disappointed investor here evening briefing bn commodity bncommodities october hyundai motor co unveiled new hyd
New version of Android malware FakeCall redirects bank calls to scammers,"The latest FakeCall malware version for Android intercepts outgoing bank calls, redirecting them to attackers to steal sensitive info and bank funds. Zimperium researchers spotted a new version of the FakeCall malware for Android that hijacks outgoing victims…",Securityaffairs.com,https://securityaffairs.com/170410/malware/fakecall-malware-intercepts-outgoing-bank-calls.html,31-10-2024 00:52,latest fakecall malware version android intercept outgoing bank call redirecting attacker steal sensitive info bank fund zimperium researcher spotted new version fakecall malware android hijack outgoing victim
Meta’s revenue rises to $40.6bn in Q3 2024,"Meta, the parent company of Facebook and Instagram, stated that its revenue rose 19 per cent year-on-year to reach $40.6 billion in the third quarter for the period ended September 30, 2024. According to its financial result released on Wednesday, the company…",The Punch,https://punchng.com/metas-revenue-rises-to-40-6bn-in-q3-2024/,30-10-2024 23:50,meta parent company facebook instagram stated revenue rose per cent yearonyear reach billion third quarter period ended september according financial result released wednesday company
An Elon Musk-backed political group is posting fake Kamala Harris ads on Facebook,Ads seemingly advocating for Vice President Kamala Harris on Facebook are really part of an effort by a dark money group to mislead voters. The messages have been viewed millions of times.,NPR,https://www.npr.org/2024/10/30/g-s1-31042/elon-musk-kamala-harris-facebook,30-10-2024 22:02,ad seemingly advocating vice president kamala harris facebook really part effort dark money group mislead voter message viewed million time
"Stocks fall with chipmakers, gold hits record high","NEW YORK :Global stock indexes edged lower on Wednesday as a disappointing forecast from Advanced Micro Devices weighed on chipmakers, while gold prices rose to a record high as uncertainty ahead of next week's U.S. presidential election drove safe-haven dema…",CNA,https://www.channelnewsasia.com/business/stocks-fall-chipmakers-gold-hits-record-high-4711781,30-10-2024 21:05,new york global stock index edged lower wednesday disappointing forecast advanced micro device weighed chipmakers gold price rose record high uncertainty ahead next week u presidential election drove safehaven dema
Meta set to report Q3 earnings amid AI investment focus - Yahoo Finance,"Meta set to report Q3 earnings amid AI investment focusYahoo Finance Meta beat on earnings and revenue, misses on user growthCNBC Meta Sales Narrowly Beat on AI Boosting Advertising RevenueBloomberg Meta’s Profit Rises 35 Percent, Even as Spending Spree Conti…",Slashdot.org,https://slashdot.org/firehose.pl?op=view&amp;id=175362961,30-10-2024 20:53,meta set report q earnings amid ai investment focusyahoo finance meta beat earnings revenue miss user growthcnbc meta sale narrowly beat ai boosting advertising revenuebloomberg metas profit rise percent even spending spree conti
Russia-linked Midnight Blizzard APT targeted 100+ organizations with a spear-phishing campaign using RDP files,"Microsoft warns of a new phishing campaign by Russia-linked APT Midnight Blizzard targeting hundreds of organizations. Microsoft warns of a large-scale spear-phishing campaign by Russia-linked APT Midnight Blizzard (aka APT29, SVR group, BlueBravo, Cozy Bear,…",Securityaffairs.com,https://securityaffairs.com/170398/apt/midnight-blizzard-apt-targeted-100-organizations.html,30-10-2024 19:20,microsoft warns new phishing campaign russialinked apt midnight blizzard targeting hundred organization microsoft warns largescale spearphishing campaign russialinked apt midnight blizzard aka apt svr group bluebravo cozy bear
European stocks fall after downbeat forecasts from chip companies,FTSE 250 edges higher as investors conclude Labour government’s first budget is less punitive on businesses than previously feared,The Irish Times,https://www.irishtimes.com/business/markets/2024/10/30/european-stocks-fall-after-downbeat-forecasts-from-chip-companies/,30-10-2024 18:19,ftse edge higher investor conclude labour government first budget le punitive business previously feared
Yahoo Finance Week in Tech: It’s all about earnings and Apple,"It’s Wednesday, and that means it’s time for Yahoo Finance’s Week in Tech. I’m Dan Howley, and this week is all about earnings. Alphabet (GOOG, GOOGL), Amazon (AMZN), AMD (AMD), Apple (AAPL), Meta (META), Microsoft (MSFT), and Intel (INTC) are each updating i…",Biztoc.com,https://biztoc.com/x/52b1fc9fee03a2fa,30-10-2024 17:36,wednesday mean time yahoo finance week tech im dan howley week earnings alphabet goog googl amazon amzn amd amd apple aapl meta meta microsoft msft intel intc updating
Yahoo Finance Week in Tech: It’s all about earnings and Apple,"In This Article:
It’s Wednesday, and that means it’s time for Yahoo Finance’s Week in Tech. I’m Dan Howley, and this week is all about earnings. Alphabet (GOOG, GOOGL), Amazon (AMZN), AMD (AMD), Apple (AAPL), Meta (META), Microsoft (MSFT), and Intel (INTC) ar…",Biztoc.com,https://biztoc.com/x/ca25e8b74b0bce55,30-10-2024 17:25,article wednesday mean time yahoo finance week tech im dan howley week earnings alphabet goog googl amazon amzn amd amd apple aapl meta meta microsoft msft intel intc ar
"Snapchat’s Stock Jumps 15% on Q3 Report, Share Buyback Plan","The pictures-and-video app now has 443 million daily active users
The post Snapchat’s Stock Jumps 15% on Q3 Report, Share Buyback Plan appeared first on TheWrap.",TheWrap,https://www.thewrap.com/snapchat-stock-jumps-15-percent-share-buyback-third-quarter/,30-10-2024 16:42,picturesandvideo app million daily active user post snapchats stock jump q report share buyback plan appeared first thewrap
気候と紛争の経済学の新たな証拠,"というNBER論文が上がっている。原題は「New Evidence on the Economics of Climate and Conflict」で、著者はMarshall Burke（スタンフォード大）、Joel Ferguson（同）、Solomon M. Hsiang（同）、Edward Miguel（UCバークレー）。 以下はその要旨。 We survey the quantitative research literature linking climate and conflict, a body…",Hatenablog.com,https://himaginary.hatenablog.com/entry/20241030/New_Evidence_on_the_Economics_of_Climate_and_Conflict,30-10-2024 12:45,nbernew evidence economics climate conflictmarshall burkejoel fergusonsolomon hsiangedward migueluc survey quantitative research literature linking climate conflict body
"Posthaste: Businesses worry about shutdowns, but many lack insurance to cover them","Almost 20 per cent of small businesses worry a shutdown could harm their business, but 40 per cent of them don’t have insurance. Read more.",Financial Post,https://financialpost.com/news/businesses-worry-about-shutdowns-but-lack-insurance,30-10-2024 12:00,almost per cent small business worry shutdown could harm business per cent dont insurance read
Is AI Destroying Democracy?,"“If you’re not worried about AI, you should be. Like every technological advancement throughout time, we’ve been promised great wealth and transformational living, whether it was the advent of farming, the industrial revolution, mass production, advances in c…",Crooksandliars.com,https://crooksandliars.com/2024/10/ai-destroying-democracy,30-10-2024 10:33,youre worried ai like every technological advancement throughout time weve promised great wealth transformational living whether advent farming industrial revolution mass production advance c
QNAP fixed NAS backup zero-day demonstrated at Pwn2Own Ireland 2024,"QNAP fixed critical zero-day CVE-2024-50388 which was demonstrated against a TS-464 NAS device during the Pwn2Own Ireland 2024 competition. QNAP addressed a critical zero-day vulnerability, tracked as CVE-2024-50388, which was exploited by white hat hackers a…",Securityaffairs.com,https://securityaffairs.com/170386/uncategorized/qnap-fixed-zero-day-cve-2024-50388-pwn2own-ireland-2024.html,30-10-2024 08:12,qnap fixed critical zeroday cve demonstrated t na device pwnown ireland competition qnap addressed critical zeroday vulnerability tracked cve exploited white hat hacker
