Title,Description,Publisher,Link,Published Time,processed_text
How to integrate your SEO and paid search strategies to maximize efficiency and reduce CAC,"Ways to combine the respective powers of SEO and PPC to reduce customer acquisition costs (CAC)
The post How to integrate your SEO and paid search strategies to maximize efficiency and reduce CAC first appeared on PPC Hero.",Ppchero.com,http://www.ppchero.com/how-to-integrate-your-seo-and-paid-search-strategies-to-maximize-efficiency-and-reduce-cac/,06-11-2024 15:07,way combine respective power seo ppc reduce customer acquisition cost cac post integrate seo paid search strategy maximize efficiency reduce cac first appeared ppc hero
"As Nvidia flips Apple at $3.43T, AI coins follow suit with big gains!","Nvidia has surged to surpass Apple as the most valuable company in the world, hitting $3.43 trillion in market cap.",Ambcrypto.com,https://ambcrypto.com/as-nvidia-flips-apple-at-3-43t-ai-coins-follow-suit-with-big-gains/,06-11-2024 14:00,nvidia surged surpass apple valuable company world hitting trillion market cap
"How Trump’s Second Administration Affects Business: Musk, Tariffs and More","Donald Trump’s return to the White House after winning the Nov. 5 U.S. presidential election may reshape American business. Much depends on whom he appoints as deputies and cabinet members, including the role of Tesla CEO Elon Musk, and what …",Insurance Journal,https://www.insurancejournal.com/news/national/2024/11/06/800274.htm,06-11-2024 13:50,donald trump return white house winning nov u presidential election may reshape american business much depends appoints deputy cabinet member including role tesla ceo elon musk
Presentation: Beyond Million Dollar Lines of Code: Practical Strategies for Engineering Cost-Effective Cloud Systems,"Erik Peterson discusses the actions, tasks, and approaches necessary for crafting software that meets technical specifications and controls expenditure in the cloud. By Erik Peterson",InfoQ.com,https://www.infoq.com/presentations/cost-effective-cloud-systems/,06-11-2024 12:20,erik peterson discus action task approach necessary crafting software meet technical specification control expenditure cloud erik peterson
South Korea fined Meta $15.67M for illegally collecting and sharing Facebook users,"South Korea fined Meta $15.67M for illegally collecting and sharing Facebook users’ sensitive data, including political views and sexual orientation, with advertisers. South Korea’s data privacy watchdog, Personal Information Protection Commission (PIPC), fin…",Securityaffairs.com,https://securityaffairs.com/170618/digital-id/south-korea-fined-meta-15-67m.html,06-11-2024 12:00,south korea fined meta illegally collecting sharing facebook user sensitive data including political view sexual orientation advertiser south korea data privacy watchdog personal information protection commission pipc fin
What is a Sitemap in UX?,A sitemap in UX is more than just a visual representation of a website’s structure; it’s a foundational tool that helps designers and developers at enterprise-level organizations plan and optimize the user journey from the ground up. Sitemaps play a critical …,Uxpin.com,https://www.uxpin.com/studio/blog/sitemap-ux/,06-11-2024 10:45,sitemap ux visual representation website structure foundational tool help designer developer enterpriselevel organization plan optimize user journey ground sitemaps play critical
Trump’s in. Here’s what it means for Europe.,"From energy and trade to finance and defense, here’s how Donald Trump’s second presidency will impact EU policy.",POLITICO.eu,https://www.politico.eu/article/donald-trump-washington-us-elections-win-2024-kamala-harris-europe-russia/,06-11-2024 10:44,energy trade finance defense here donald trump second presidency impact eu policy
Russian stocks surge on likely Trump victory,"Russian stocks have rallied amid reports of Donald Trump’s likely reelection, market data shows Read Full Article at RT.com",RT,https://www.rt.com/business/607157-russian-stocks-trump-win/,06-11-2024 10:02,russian stock rallied amid report donald trump likely reelection market data show read full article rtcom
Achieving Healthcare Excellence: Insights from Jarvis Gray on Lean Six Sigma and Leadership,"Scroll down for how to subscribe, transcript, and more My guest for Episode #519 of the Lean Blog Interviews Podcast is Jarvis Gray, the Managing Director of The Quality Coaching Co. He offers more than 16 years of strategic planning, quality improvement, and…",Leanblog.org,https://www.leanblog.org/2024/11/achieving-healthcare-excellence-insights-from-jarvis-gray-on-lean-six-sigma-and-leadership/,06-11-2024 09:52,scroll subscribe transcript guest episode lean blog interview podcast jarvis gray managing director quality coaching co offer year strategic planning quality improvement
Synology fixed critical flaw impacting millions of DiskStation and BeePhotos NAS devices,"Synology addressed a critical vulnerability in DiskStation and BeePhotos NAS devices that could lead to remote code execution. Taiwanese vendor Synology has addressed a critical security vulnerability, tracked as CVE-2024-10443, that impacts DiskStation and B…",Securityaffairs.com,https://securityaffairs.com/170602/hacking/synology-fixed-critical-bug-in-diskstation-and-beephotos-nas.html,06-11-2024 09:09,synology addressed critical vulnerability diskstation beephotos na device could lead remote code execution taiwanese vendor synology addressed critical security vulnerability tracked cve impact diskstation b
"Bitcoin Acquisition Continues: Semler Scientific Increases Holdings To 1,058 BTC","Santa Clara-based healthcare tech company Semler Scientific (SMLR) recently disclosed that it purchased an additional 47 Bitcoin (BTC), bringing its total holdings to 1,058 BTC. Semler Scientific Continues To Increase Its BTC Holdings Semler Scientific, a Nas…",Bitcoinist,https://bitcoinist.com/bitcoin-acquisition-continues-semler-scientific-increases-holdings-to-1058-btc/,06-11-2024 09:00,santa clarabased healthcare tech company semler scientific smlr recently disclosed purchased additional bitcoin btc bringing total holding btc semler scientific continues increase btc holding semler scientific na
Here Come the AI Agents!,"Here Come the AI Agents!

jdimaggio@upcea.edu

Wed, 11/06/2024 - 03:00 AM

Anthropic last month took the lead in providing early access to basic AI agents for the masses. This is a huge leap forward from the chat bots that have dominated early generative AI.
…",Inside Higher Ed,https://www.insidehighered.com/opinion/blogs/online-trending-now/2024/11/06/here-come-ai-agents,06-11-2024 08:00,come ai agent jdimaggioupceaedu wed anthropic last month took lead providing early access basic ai agent mass huge leap forward chat bot dominated early generative ai
Republican Who Attacked Abortion Pills Lowering ‘Birth Rates For Teenaged Mothers’ Wins Reelection,"Andrew Bailey, who has repeatedly targeted providers of gender-affirming care and abortion, was appointed to the role in 2023 by Missouri’s governor.",HuffPost,https://www.huffpost.com/entry/republican-andrew-bailey-reelected-missouri_n_6722804be4b0bfa84f47e070,06-11-2024 06:19,andrew bailey repeatedly targeted provider genderaffirming care abortion appointed role missouri governor
"To Lead Well, Think Like A Creator",7 mindsets leaders can adopt from creators,Forbes,https://www.forbes.com/sites/alisacohn/2024/11/06/to-lead-well-think-like-a-creator/,06-11-2024 05:01,mindset leader adopt creator
ETMarkets PMS Talk: Identifying 'Compounding Machines': Sundaram’s strategy for high growth stocks,"It’s not just last month, the strategy has seen a good turnaround in performance in the last 6 months and in the last 6 years, it has created high single-digit alpha over the Nifty50 index.",The Times of India,https://economictimes.indiatimes.com/markets/expert-view/etmarkets-pms-talk-identifying-compounding-machines-sundarams-strategy-for-high-growth-stocks/articleshow/114972156.cms,06-11-2024 03:30,last month strategy seen good turnaround performance last month last year created high singledigit alpha nifty index
"Share Market Highlights November 6, 2024: Sensex gains 901 pts, Nifty ends near 24,500; IT stocks lead rally","Sensex, Nifty updates on November 6, 2024: Stock markets rallied more than 1 per cent on Wednesday with benchmark Sensex soaring 901 points on heavy buying in IT and pharma shares as Donald Trump is all set to win the US presidential elections. Extending its …",BusinessLine,https://www.thehindubusinessline.com/markets/share-market-highlights-6-november-2024/article68832948.ece,06-11-2024 01:12,sensex nifty update november stock market rallied per cent wednesday benchmark sensex soaring point heavy buying pharma share donald trump set win u presidential election extending
"Stock market today: Dow, S&P 500, Nasdaq rise as Wall Street braces for election results - Yahoo Finance","Stock market today: Dow, S&amp;P 500, Nasdaq rise as Wall Street braces for election resultsYahoo Finance View Full Coverage on Google News ...",Slashdot.org,https://slashdot.org/firehose.pl?op=view&amp;id=175410971,05-11-2024 22:32,stock market today dow sampp nasdaq rise wall street brace election resultsyahoo finance view full coverage google news
"ToxicPanda Android banking trojan targets Europe and LATAM, with a focus on Italy","The ToxicPanda Android malware has infected over 1,500 devices, enabling attackers to perform fraudulent banking transactions. Cleafy researchers spotted a new Android banking malware, dubbed ToxicPanda, which already infected over 1,500 Android devices. The …",Securityaffairs.com,https://securityaffairs.com/170605/malware/toxicpanda-android-malware-targets-italy.html,05-11-2024 21:25,toxicpanda android malware infected device enabling attacker perform fraudulent banking transaction cleafy researcher spotted new android banking malware dubbed toxicpanda already infected android device
How Prayas Lohalekar is transforming enterprise IT with GenAI tools,"“Gen AI is more than just a tool — it’s a strategic catalyst,” Prayas notes
The post How Prayas Lohalekar is transforming enterprise IT with GenAI tools appeared first on Digital Journal.",Digital Journal,https://www.digitaljournal.com/tech-science/how-prayas-lohalekar-is-transforming-enterprise-it-with-genai-tools/article,05-11-2024 21:12,gen ai tool strategic catalyst praya note post praya lohalekar transforming enterprise genai tool appeared first digital journal
Brazil’s Central Bank Previews Contactless Pix Payments,"Contactless Google Wallet payments are coming to Brazil’s Pix system. The country’s central bank this week previewed the new offering — Pix by Proximity — on Monday (Nov. 4), with central bank (BC) President Roberto Campos Neto joined by Fábio Coelho, preside…",pymnts.com,https://www.pymnts.com/digital-payments/2024/brazils-central-bank-previews-contactless-pix-payments/,05-11-2024 21:04,contactless google wallet payment coming brazil pix system country central bank week previewed new offering pix proximity monday nov central bank bc president roberto campos neto joined fbio coelho preside
Earnings call: Silicon Labs reported a revenue of $166 million,Earnings call: Silicon Labs reported a revenue of $166 million,Investing.com,https://www.investing.com/news/stock-market-news/earnings-call-silicon-labs-reported-a-revenue-of-166-million-93CH-3703324,05-11-2024 19:24,earnings call silicon lab reported revenue million
Palantir shares surge to record as AI boom powers forecast raise - Yahoo Finance,Palantir shares surge to record as AI boom powers forecast raiseYahoo Finance View Full Coverage on Google News ...,Slashdot.org,https://slashdot.org/firehose.pl?op=view&amp;id=175409299,05-11-2024 17:33,palantir share surge record ai boom power forecast raiseyahoo finance view full coverage google news
Exploring The Career Path From IRO To CFO,"Also in the Forbes CFO newsletter: Why controlling leases is important, Boeing union ends strike, Nvidia becomes the world's most valuable company.",Forbes,https://www.forbes.com/sites/cfo/2024/11/05/exploring-the-career-path-from-iro-to-cfo/,05-11-2024 17:02,also forbes cfo newsletter controlling lease important boeing union end strike nvidia becomes world valuable company
Exploring the Future of Finance: A Deep Dive into Digital Payments,"Background In today’s fast-paced world, cash and checks are increasingly giving way to faster, more...",Finextra,https://www.finextra.com/blogposting/27147/exploring-the-future-of-finance-a-deep-dive-into-digital-payments,05-11-2024 16:53,background today fastpaced world cash check increasingly giving way faster
Meta’s military push is as much about the battle for open-source AI as it is about actual battles,"Meta makes its model available to the U.S. military with a pitch that's largely about defending its ""open source AI"" framing.",Fortune,https://fortune.com/2024/11/05/metas-military-push-battle-for-open-source-ai/,05-11-2024 16:43,meta make model available u military pitch thats largely defending open source ai framing
Obama Administration Shut Down Investigation of Hezbollah as Criminal Enterprise,"Did his attempt to curry favor with Iran work? One of the ways Hezbollah earns money — about one billion dollars a year — is by drug trafficking. It controls much of the sale of drugs sent from Colombia and Venezuela to customers in the United States, Europe,…",Freerepublic.com,https://freerepublic.com/focus/f-news/4275888/posts,05-11-2024 15:02,attempt curry favor iran work one way hezbollah earns money one billion dollar year drug trafficking control much sale drug sent colombia venezuela customer united state europe
Polymarket paid U.S. social media influencers for election content,"The majority are meme pages with account names like @moist, @hoodclips, and @historyinmemes, while others are personal finance influencers such as Eric Pan of @ericnomics.",Fortune,https://fortune.com/2024/11/05/polymarket-paid-us-social-media-influencers-election-content-trump-harris/,05-11-2024 12:52,majority meme page account name like moist hoodclips historyinmemes others personal finance influencers eric pan ericnomics
U.S. CISA adds PTZOptics camera bugs to its Known Exploited Vulnerabilities catalog,U.S. Cybersecurity and Infrastructure Security Agency (CISA) adds PTZOptics PT30X-SDI/NDI camera bugs to its Known Exploited Vulnerabilities catalog. The U.S. Cybersecurity and Infrastructure Security Agency (CISA) added the following vulnerabilities to its K…,Securityaffairs.com,https://securityaffairs.com/170595/security/u-s-cisa-adds-ptzoptics-camera-bugs-to-its-known-exploited-vulnerabilities-catalog.html,05-11-2024 12:23,u cybersecurity infrastructure security agency cisa add ptzoptics ptxsdindi camera bug known exploited vulnerability catalog u cybersecurity infrastructure security agency cisa added following vulnerability k
Canadian authorities arrested alleged Snowflake hacker,"Canadian authorities arrested a suspect linked to multiple hacks following a breach of cloud data platform Snowflake earlier this year. Canadian law enforcement agencies arrested a suspect, Alexander “Connor” Moucka (aka Judische and Waifu), who is accused of…",Securityaffairs.com,https://securityaffairs.com/170587/cyber-crime/canadian-authorities-arrested-snowflake-hacker.html,05-11-2024 11:19,canadian authority arrested suspect linked multiple hack following breach cloud data platform snowflake earlier year canadian law enforcement agency arrested suspect alexander connor moucka aka judische waifu accused
The 6 best Mint alternatives to replace the budgeting app that shut down,"As a long-time Mint user, I was frustrated to say the least when news broke at the end of 2023 that Intuit would shut Mint down. I, like millions of others, enjoyed how easily Mint allowed us to track all accounts in one place and monitor credit scores. I als…",Slashdot.org,https://slashdot.org/firehose.pl?op=view&amp;id=175405661,05-11-2024 10:12,longtime mint user frustrated say least news broke end intuit would shut mint like million others enjoyed easily mint allowed u track account one place monitor credit score al
The 6 best Mint alternatives to replace the budgeting app that shut down,"As a long-time Mint user, I was frustrated to say the least when news broke at the end of 2023 that Intuit would shut Mint down. I, like millions of others, enjoyed how easily Mint allowed us to track all accounts in one place and monitor credit scores. I als…",Yahoo Entertainment,https://consent.yahoo.com/v2/collectConsent?sessionId=1_cc-session_518ab502-e617-4e51-9b96-bff742ee0d0b,05-11-2024 10:01,longtime mint user frustrated say least news broke end intuit would shut mint like million others enjoyed easily mint allowed u track account one place monitor credit score al
"Android flaw CVE-2024-43093 may be under limited, targeted exploitation","Google warned that a vulnerability, tracked as CVE-2024-43093, in the Android OS is actively exploited in the wild. Threat actors are actively exploiting a vulnerability, tracked as CVE-2024-43093, in the Android OS, Google warns. The vulnerability is a privi…",Securityaffairs.com,https://securityaffairs.com/170581/uncategorized/cve-2024-43093-android-flaw-actively-exploited.html,05-11-2024 08:51,google warned vulnerability tracked cve android o actively exploited wild threat actor actively exploiting vulnerability tracked cve android o google warns vulnerability privi
OpenAI Newly Released SimpleQA Helps Reveal That Generative AI Blatantly And Alarmingly Overstates What It Knows,"OpenAI released SimpleQA, a new benchmark for generative AI. During the work, they uncovered a serious qualm about AI being supremely overconfident. Here's the scoop.",Forbes,https://www.forbes.com/sites/lanceeliot/2024/11/05/openai-newly-released-simpleqa-helps-reveal-that-generative-ai-blatantly-and-alarmingly-overstates-what-it-knows/,05-11-2024 07:11,openai released simpleqa new benchmark generative ai work uncovered serious qualm ai supremely overconfident here scoop
What next for the Dublin Airport passenger cap?,"The best news, analysis and comment from The Irish Times business desk",The Irish Times,https://www.irishtimes.com/business/2024/11/05/what-next-for-the-dublin-airport-passenger-cap/,05-11-2024 06:37,best news analysis comment irish time business desk
Metaplanet Joins CoinShares' Blockchain Equity Index in First Global Listing,Metaplanet is touting enhanced shareholder value through “disciplined Bitcoin accumulation” following its inclusion in the CoinShares Index.,Decrypt,https://decrypt.co/290172/metaplanet-joins-coinshares-blockchain-equity-index-in-first-global-listing,05-11-2024 05:06,metaplanet touting enhanced shareholder value disciplined bitcoin accumulation following inclusion coinshares index
"SEO-Monatsrückblick Oktober 2024: AI-Suchmaschinen, Product Grids + mehr [Search Camp 346]",Dein Ticket für die Online Expert Days (OMX  + SEOkomm) Mit dem Code BLOOFUSION24 sparst Du nochmal 25 Euro netto beim Ticketkauf: Jetzt noch schnell ein Ticket sichern! AI #1 https://www.seroundtable.com/chatgpt-search-38337.html #2 https://the-decoder.de/ch…,Bloofusion.de,https://blog.bloofusion.de/seo-oktober-2024/,05-11-2024 05:00,dein ticket fr die online expert day omx seokomm mit dem code bloofusion sparst du nochmal euro netto beim ticketkauf jetzt noch schnell ein ticket sichern ai
"Share Market Highlights November 5, 2024: Sensex surges 694 pts, Nifty settles above 24,200; metal, bank stocks shine","Sensex, Nifty updates on November 5, 2024: Indian equity benchmarks rebounded on Tuesday, with the Sensex rising 694.39 points or 0.88 per cent to 79,476.63 and the Nifty up 217.95 points or 0.91 per cent at 24,213.30. All sectoral indices except FMCG and Med…",BusinessLine,https://www.thehindubusinessline.com/markets/share-market-highlights-5-november-2024/article68829273.ece,05-11-2024 01:10,sensex nifty update november indian equity benchmark rebounded tuesday sensex rising point per cent nifty point per cent sectoral index except fmcg med
Trump or Harris? The Stakes Couldn’t Be Higher,"This post Trump or Harris? The Stakes Couldn’t Be Higher appeared first on Daily Reckoning.
We'll see what America thinks tomorrow
The post Trump or Harris? The Stakes Couldn’t Be Higher appeared first on Daily Reckoning.",Dailyreckoning.com,https://dailyreckoning.com/trump-or-harris-the-stakes-couldnt-be-higher/,04-11-2024 23:00,post trump harris stake couldnt higher appeared first daily reckoning well see america think tomorrow post trump harris stake couldnt higher appeared first daily reckoning
All of the winners from The Drum Awards for Advertising 2024,"FCB Chicago took the Grand Prix for its work with Dramamine, while David Madrid received the President’s Award for its work with JCDecaux.As part of The Drum’s annual Awards Festival, today we celebrated The Drum Awards for Advertising.Taking home the top pri…",The Drum,https://www.thedrum.com/news/2024/11/04/all-the-winners-the-drum-awards-advertising-2024,04-11-2024 23:00,fcb chicago took grand prix work dramamine david madrid received president award work jcdecauxas part drum annual award festival today celebrated drum award advertisingtaking home top pri
Amazon's a company investors can 'put money to work in': Analyst,"Big tech companies, including Amazon (AMZN), Meta Platforms (META), and Alphabet (GOOG, GOOGL), posted solid third earnings this season. Despite the strong...",Yahoo Entertainment,https://finance.yahoo.com/video/amazons-company-investors-put-money-225700217.html,04-11-2024 22:57,big tech company including amazon amzn meta platform meta alphabet goog googl posted solid third earnings season despite strong
"July 2024 ransomware attack on the City of Columbus impacted 500,000 people","The July 2024 ransomware attack that hit the City of Columbus, Ohio, exposed the personal and financial data of 500,000 individuals. On July 18, 2024, the City of Columbus, Ohio, suffered a cyber attack that impacted the City’s services. On July 29, 2024, the…",Securityaffairs.com,https://securityaffairs.com/170568/data-breach/city-of-columbus-ransomware-attack-impacted-500000-people.html,04-11-2024 22:53,july ransomware attack hit city columbus ohio exposed personal financial data individual july city columbus ohio suffered cyber attack impacted city service july
Elon Musk Is His Own Rogue Nation,"The world’s richest man and top Trump supporter profits off the U.S. security state while back-channeling with Putin.
The post Elon Musk Is His Own Rogue Nation appeared first on The Intercept.",The Intercept,https://theintercept.com/2024/11/04/elon-musk-trump-russia-starlink/,04-11-2024 22:07,world richest man top trump supporter profit u security state backchanneling putin post elon musk rogue nation appeared first intercept
Stock market today: Dow leads stocks lower as Wall Street braces for Election Day,Investors are bracing for a week of potentially huge market-moving events — the presidential election and the Federal Reserve policy decision.,Yahoo Entertainment,https://finance.yahoo.com/news/live/stock-market-today-dow-leads-stocks-lower-as-wall-street-braces-for-election-day-210042676.html,04-11-2024 21:00,investor bracing week potentially huge marketmoving event presidential election federal reserve policy decision
Intuit QuickBooks Solopreneur,"Basic accounting tools for sole proprietors
Intuit's QuickBooks Solopreneur aims to build on the success of QuickBooks Self-Employed, which is no longer available to new users. The small business accounting application targets sole proprietors, offering basic…",PCMag.com,https://me.pcmag.com/en/smb-accounting/26713/intuit-quickbooks-solopreneur,04-11-2024 18:35,basic accounting tool sole proprietor intuits quickbooks solopreneur aim build success quickbooks selfemployed longer available new user small business accounting application target sole proprietor offering basic
Intuit QuickBooks Solopreneur,"Basic accounting tools for sole proprietors
Intuit's QuickBooks Solopreneur aims to build on the success of QuickBooks Self-Employed, which is no longer available to new users. The small business accounting application targets sole proprietors, offering basic…",PCMag.com,https://uk.pcmag.com/smb-accounting/155171/intuit-quickbooks-solopreneur,04-11-2024 18:35,basic accounting tool sole proprietor intuits quickbooks solopreneur aim build success quickbooks selfemployed longer available new user small business accounting application target sole proprietor offering basic
The Struggle for Power in America,"The problems of the 21st century are echoing those of the 18th—and the solutions will, too.
The post The Struggle for Power in America  appeared first on The American Conservative.",The American Conservative,https://www.theamericanconservative.com/the-struggle-for-power-in-america/,04-11-2024 17:00,problem st century echoing thand solution post struggle power america appeared first american conservative
"Transcript: Annie Lamont, Oak HC/FT","﻿     The transcript from this week’s, MiB: Annie Lamont, Managing Partner of Oak HC/FT, is below. You can stream and download our full conversation, including any podcast extras, on Apple Podcasts, Spotify, YouTube, and Bloomberg. All of our earlier podcasts…",Ritholtz.com,https://ritholtz.com/2024/11/transcript-annie-lamont/,04-11-2024 16:30,transcript week mib annie lamont managing partner oak hcft stream download full conversation including podcast extra apple podcasts spotify youtube bloomberg earlier podcasts
"U.S. Tech Billionaire Ventures Into U.K.’s Buy Now, Pay Later Market","Max Levchin’s fintech giant Affirm has launched its services in the U.K., marking the company’s first expansion outside of the U.S. and Canada.",Forbes,https://www.forbes.com/sites/robertolsen-1/2024/11/04/us-tech-billionaire-ventures-into-uks-buy-now-pay-later-market/,04-11-2024 16:05,max levchins fintech giant affirm launched service uk marking company first expansion outside u canada
Nigerian man Sentenced to 26+ years in real estate phishing scams,Nigerian Kolade Ojelade gets 26 years in U.S. for phishing scams that stole millions by hacking email accounts. A Nigerian national was sentenced to 26 years in prison in the US for stealing millions by compromising the email accounts of real estate businesse…,Securityaffairs.com,https://securityaffairs.com/170561/cyber-crime/nigerian-man-26-years-jail-phishing-scams.html,04-11-2024 14:28,nigerian kolade ojelade get year u phishing scam stole million hacking email account nigerian national sentenced year prison u stealing million compromising email account real estate businesse
Business professionals + GenAI: saving time and increasing performance,"Last week, we shared career development tips from Tony Francis, a Senior Program Manager and data analytics expert at Google. There, Francis shared insights he gleaned from his own professional journey, which saw him go from a finance and accounting major wit…",Coursera.org,https://blog.coursera.org/business-professionals-genai-saving-time-and-increasing-performance/,04-11-2024 14:24,last week shared career development tip tony francis senior program manager data analytics expert google francis shared insight gleaned professional journey saw go finance accounting major wit
ChatGPT Search Vs. Google Vs. Bing Search Results,"To compare the search results in ChatGPT to Bing and Google, Dan looked at a number of queries to understand the possibility and limitations of SearchGPT",Search Engine Journal,https://www.searchenginejournal.com/chatgpt-search-vs-google-and-bing/531573/,04-11-2024 14:02,compare search result chatgpt bing google dan looked number query understand possibility limitation searchgpt
Press release: Do one thing – get on the HMRC app,HMRC is reminding people to download the HMRC app to access HMRC services such as Child Benefit and their National Insurance number.,Www.gov.uk,https://www.gov.uk/government/news/do-one-thing-get-on-the-hmrc-app,04-11-2024 10:57,hmrc reminding people download hmrc app access hmrc service child benefit national insurance number
"The hour of reckoning in the US, oligarchs applying pressure and making demands, the cabinet reshuffle and Schinas, the tax troubles of Kasselakis’ father with the IRS","Hello, the hour of reckoning has arrived for the new leader of the free world, and naturally, this week, something quite dramatic would need to happen to shift the spotlight from this major event that occurs once every four years and politically, geostrategic…",Protothema.gr,https://en.protothema.gr/2024/11/04/the-hour-of-reckoning-in-the-us-oligarchs-applying-pressure-and-making-demands-the-cabinet-reshuffle-and-schinas-the-tax-troubles-of-kasselakis-father-with-the-irs/,04-11-2024 10:12,hello hour reckoning arrived new leader free world naturally week something quite dramatic would need happen shift spotlight major event occurs every four year politically geostrategic
Russian disinformation campaign active ahead of 2024 US election,"U.S. intel says Russia made a fake video claiming Haitians voted illegally in Georgia, aiming to spread election disinformation. U.S. intel reports Russia created a fake viral video falsely claiming Haitians illegally voted multiple times in Georgia, aiming t…",Securityaffairs.com,https://securityaffairs.com/170551/intelligence/russia-disinformation-us-election-2024.html,04-11-2024 10:07,u intel say russia made fake video claiming haitian voted illegally georgia aiming spread election disinformation u intel report russia created fake viral video falsely claiming haitian illegally voted multiple time georgia aiming
Will we ever have quantum laptops?,Quantum computers are here. But could we ever build a quantum laptop?,Live Science,https://www.livescience.com/technology/computing/will-we-ever-have-quantum-laptops,04-11-2024 10:00,quantum computer could ever build quantum laptop
Weekly Climate and Energy News Roundup #618,"“Collective fear stimulates herd instinct and tends to produce ferocity toward those who are not regarded as members of the herd."" — Bertrand Russell, Unpopular Essays",Wattsupwiththat.com,https://wattsupwiththat.com/2024/11/04/weekly-climate-and-energy-news-roundup-618/,04-11-2024 10:00,collective fear stimulates herd instinct tends produce ferocity toward regarded member herd bertrand russell unpopular essay
36 Google Ads Statistics You Should Know,Discover the latest Google Ads statistics. Stay ahead with industry-specific data and trend forecasts.,Semrush.com,https://www.semrush.com/blog/google-ads-statistics/,04-11-2024 09:27,discover latest google ad statistic stay ahead industryspecific data trend forecast
"Generative AI faces bottlenecks from limited data, rising resource demands, and copper shortages","Generative AI requires ample resources, yet challenges such as limited high-quality data, rising freshwater and electricity consumption in data centers, and a widening copper supply gap may emerge as critical bottlenecks to AI progress.",Digitimes,https://www.digitimes.com/news/a20241031PD212/genai-data-demand-copper.html,04-11-2024 07:27,generative ai requires ample resource yet challenge limited highquality data rising freshwater electricity consumption data center widening copper supply gap may emerge critical bottleneck ai progress
International law enforcement operation shut down DDoS-for-hire platform Dstat.cc,"German police shut down DDoS-for-hire platform Dstat.cc and arrested two men accused of operating the site used for launching DDoS attacks. German police shut down the DDoS-for-hire platform Dstat.cc that allowed its customers to launch DDoS attacks. Two men,…",Securityaffairs.com,https://securityaffairs.com/170540/cyber-crime/german-police-shut-down-ddos-for-hire-platform-dstat-cc.html,04-11-2024 06:24,german police shut ddosforhire platform dstatcc arrested two men accused operating site used launching ddos attack german police shut ddosforhire platform dstatcc allowed customer launch ddos attack two men
"Boost your career with LinkedIn: How to optimise your profile to find a job, grow the network and build your brand","Whether you are searching for a job, or expanding your business, or connecting with professionals and growing your network, a polished LinkedIn profile is sure to boost your chances. Here’s how you can do it.",The Times of India,https://economictimes.indiatimes.com/wealth/earn/boost-your-career-with-linkedin-how-to-optimise-your-profile-to-find-a-job-grow-the-network-and-build-your-brand/articleshow/114855952.cms,04-11-2024 01:00,whether searching job expanding business connecting professional growing network polished linkedin profile sure boost chance here
"Interest in 'Travel Tuesday' soars, with more consumers saying they prefer travel to shopping","Search interest for ""Travel Tuesday"" rose more than 500% over the last two years, according to a report published Thursday by McKinsey & Company.",CNBC,https://www.cnbc.com/2024/11/04/travel-tuesday-2024-searches-soar-as-shoppers-want-travel-over-stuff-.html,03-11-2024 22:55,search interest travel tuesday rose last two year according report published thursday mckinsey company
Solana DeFi Momentum Soars With $5.7 Billion Locked In Q3,"Solana continues to prove that it’s one of the top blockchains for this cycle. After its rally, which gained 35% over the past 60 days, the popular Layer 1 blockchain is back in the news with more on-chain activities. According to recent data, Solana’s DeFi T…",newsBTC,http://www.newsbtc.com/news/solana-defi-momentum-soars-with-5-7-billion-locked-in-q3/,03-11-2024 22:00,solana continues prove one top blockchains cycle rally gained past day popular layer blockchain back news onchain activity according recent data solanas defi
SECURITY AFFAIRS MALWARE NEWSLETTER – ROUND 18,Security Affairs Malware newsletter includes a collection of the best articles and research on malware in the international landscape. Security Affairs Malware newsletter includes a collection of the best articles and research on malware in the international …,Securityaffairs.com,https://securityaffairs.com/170532/malware/security-affairs-malware-newsletter-round-18.html,03-11-2024 14:23,security affair malware newsletter includes collection best article research malware international landscape security affair malware newsletter includes collection best article research malware international
Security Affairs newsletter Round 496 by Pierluigi Paganini – INTERNATIONAL EDITION,"A new round of the weekly SecurityAffairs newsletter arrived! Every week the best security articles from Security Affairs are free in your email box. Enjoy a new round of the weekly SecurityAffairs newsletter, including the international press. Chinese threat…",Securityaffairs.com,https://securityaffairs.com/170525/breaking-news/security-affairs-newsletter-round-496-by-pierluigi-paganini-international-edition.html,03-11-2024 14:13,new round weekly securityaffairs newsletter arrived every week best security article security affair free email box enjoy new round weekly securityaffairs newsletter including international press chinese threat
US Election 2024 – FBI warning about fake election videos,"US Election 2024 – The FBI warned that two fake videos on X spread false claims of ballot fraud and misinformation about Kamala Harris’s husband. In a post on X on Saturday, the Federal Bureau of Investigation (FBI) said the two videos were spreading rumours …",Securityaffairs.com,https://securityaffairs.com/170514/security/us-election-2024-fbi-warning-about-fake-election-videos.html,03-11-2024 12:10,u election fbi warned two fake video x spread false claim ballot fraud misinformation kamala harris husband post x saturday federal bureau investigation fbi said two video spreading rumour
Chinese threat actors use Quad7 botnet in password-spray attacks,"Microsoft warns Chinese threat actors are using the Quad7 botnet to carry out password-spray attacks and steal credentials. Chinese threat actors use the Quad7 botnet in password-spray attacks to steal credentials, Microsoft warns. Quad7 botnet, also known as…",Securityaffairs.com,https://securityaffairs.com/170503/malware/quad7-botnet-used-by-chinese-threat-actors.html,03-11-2024 10:09,microsoft warns chinese threat actor using quad botnet carry passwordspray attack steal credential chinese threat actor use quad botnet passwordspray attack steal credential microsoft warns quad botnet also known
"Week in review: Windows Themes spoofing bug “returns”, employees phished via Microsoft Teams","Here’s an overview of some of last week’s most interesting news, articles, interviews and videos: Patching problems: The “return” of a Windows Themes spoofing vulnerability Despite two patching attempts, a security issue that may allow attackers to compromise…",Help Net Security,https://www.helpnetsecurity.com/2024/11/03/week-in-review-windows-themes-spoofing-bug-returns-employees-phished-via-microsoft-teams/,03-11-2024 09:00,here overview last week interesting news article interview video patching problem return window theme spoofing vulnerability despite two patching attempt security issue may allow attacker compromise
Lawmakers are vetting the EU chief's new team. It might be tough but she has the right on her side,The influence of nationalist and populist parties on the European Union will be on public display next week when lawmakers vet new members of the bloc's increasingly powerful executive branch,ABC News,https://abcnews.go.com/International/wireStory/lawmakers-vetting-eu-chiefs-new-team-tough-side-115436406,03-11-2024 08:20,influence nationalist populist party european union public display next week lawmaker vet new member bloc increasingly powerful executive branch
"Big Tech doubles down on AI, $200 billion gamble raises concerns on Wall Street - TechSpot","Big Tech doubles down on AI, $200 billion gamble raises concerns on Wall StreetTechSpot Amazon, Google show profit growth can quiet fears over heavy AI spendingYahoo Finance Tech Giants Are Set to Spend $200 Billion This Year Chasing AIBloomberg What We Learn…",Slashdot.org,https://slashdot.org/firehose.pl?op=view&amp;id=175383935,03-11-2024 03:32,big tech double ai billion gamble raise concern wall streettechspot amazon google show profit growth quiet fear heavy ai spendingyahoo finance tech giant set spend billion year chasing aibloomberg learn
Hunt for Bitcoin's elusive creator Satoshi Nakamoto hits another dead-end,Why are still no closer to unmasking the mysterious Satoshi Nakamoto?,BBC News,https://www.bbc.com/news/articles/c079zp2vy31o,03-11-2024 00:51,still closer unmasking mysterious satoshi nakamoto
Why Jamie Dimon is Sam Altman’s biggest competitor,"Investors have poured north of $30 billion into independent foundation model players, including OpenAI, Anthropic PBC, Cohere Inc. and Mistral AI as well as others. OpenAI itself has raised more than $20 billion. To keep pace, both Meta Platforms Inc. and xAI…",SiliconANGLE News,https://siliconangle.com/2024/11/02/jamie-dimon-sam-altmans-biggest-competitor/,02-11-2024 19:02,investor poured north billion independent foundation model player including openai anthropic pbc cohere inc mistral ai well others openai raised billion keep pace meta platform inc xai
"Nvidia to join Dow Jones Industrial Average, replacing rival chipmaker Intel","Nvidia is replacing rival chipmaker Intel in the Dow Jones Industrial Average, a shakeup to the blue-chip index that reflects the boom in artificial intelligence and a major shift in the semiconductor industry.",NBC News,https://www.nbcnews.com/business/nvidia-replaces-intel-dow-jones-rcna178524,02-11-2024 18:31,nvidia replacing rival chipmaker intel dow jones industrial average shakeup bluechip index reflects boom artificial intelligence major shift semiconductor industry
FBI arrested former Disney World employee for hacking computer menus and mislabeling allergy info,"A former Disney World employee hacked servers after being fired, altering prices, adding profanities, and mislabeling allergy info. A former Walt Disney World employee hacked servers after being fired by the company. He is accused of changing prices, adding p…",Securityaffairs.com,https://securityaffairs.com/170489/cyber-crime/former-disney-world-employee-arrested.html,02-11-2024 18:17,former disney world employee hacked server fired altering price adding profanity mislabeling allergy info former walt disney world employee hacked server fired company accused changing price adding p
A Trauma of Money-certified coach shares the book that changed her money mindset and helped her tackle credit card debt,"Morgan Housel's ""The Psychology of Money"" could change your mindset about money, too.",Business Insider,https://www.businessinsider.com/money-coach-shares-top-book-recommendation-the-psychology-of-money-2024-11,02-11-2024 18:03,morgan housels psychology money could change mindset money
NVIDIA Replaces Rival Chipmaker Intel on the Dow Jones Industrial Average,"In 1896 the Dow Jones Industrial Average (or DJIA) was created as a kind of proxy indicator for the wider stock market. ""A stock is typically added only if the company has an excellent reputation, demonstrates sustained growth and is of interest to a large nu…",Slashdot.org,https://hardware.slashdot.org/story/24/11/02/0328233/nvidia-replaces-rival-chipmaker-intel-on-the-dow-jones-industrial-average,02-11-2024 17:34,dow jones industrial average djia created kind proxy indicator wider stock market stock typically added company excellent reputation demonstrates sustained growth interest large nu
Sophos details five years of China-linked threat actors’ activity targeting network devices worldwide,"Sophos used custom implants to monitor China-linked thret actors targeting firewall zero-days in a years-long battle. Sophos revealed a years-long “cat-and-mouse” battle with China-linked threat actors, using custom implants to track the attackers’ activities…",Securityaffairs.com,https://securityaffairs.com/170469/apt/china-linked-threat-actors-activity-targeting-network-devices-worldwide.html,02-11-2024 16:12,sophos used custom implant monitor chinalinked thret actor targeting firewall zerodays yearslong battle sophos revealed yearslong catandmouse battle chinalinked threat actor using custom implant track attacker activity
"Donald Trump가 미국 경제와 자산시장을 ""관세""로 작살, ""이민법"" 공약으로 박살낼 것","A murdered priest, a beheaded mayor, car bombs and an all-out cartel war have stained Mexican President Claudia Sheinbaum’s first month in office https://t.co/4jX6IGNKs8— Bloomberg Economics (@economics) November 1, 2024 ""The election is going to have... thre…",Tistory.com,https://ryueyes11.tistory.com/511221,02-11-2024 12:13,murdered priest beheaded mayor car bomb allout cartel war stained mexican president claudia sheinbaums first month office bloomberg economics economics november election going thre
Google's cloud outpaces rivals in third quarter as AI battle heats up,One takeaway from tech earnings reports this week is that Google's cloud business is gaining momentum.,CNBC,https://www.cnbc.com/2024/11/02/googles-cloud-outpaces-aws-azure-in-q3-as-ai-battle-heats-up-.html,02-11-2024 12:00,one takeaway tech earnings report week google cloud business gaining momentum
I’ve Served Time in “Club Fed.” Here’s Some Advice for Trump If He Loses.,"I never paid much attention to America’s criminal justice system until I, unexpectedly, got into serious trouble. Being labeled a criminal felt to me as unlikely as someone finding Kool-Aid on Jupiter. I was the rarest of things, an honest dealer among the my…",Mother Jones,https://www.motherjones.com/politics/2024/11/trump-loss-federal-prison-advice-essay/,02-11-2024 10:00,never paid much attention america criminal justice system unexpectedly got serious trouble labeled criminal felt unlikely someone finding koolaid jupiter rarest thing honest dealer among
I’ve Served Time in “Club Fed.” Here’s Some Advice for Trump If He Loses.,"I never paid much attention to America’s criminal justice system until I, unexpectedly, got into serious trouble. Being labeled a criminal felt to me as unlikely as someone finding Kool-Aid on Jupiter. I was the rarest of things, an honest dealer among the my…",Mother Jones,https://www.motherjones.com/politics/2024/11/ive-served-time-in-club-fed-heres-some-advice-for-trump-if-he-loses/,02-11-2024 10:00,never paid much attention america criminal justice system unexpectedly got serious trouble labeled criminal felt unlikely someone finding koolaid jupiter rarest thing honest dealer among
"Tesla, AMD And Nvidia Show Higher Volatility Than Bitcoin In October 2024","Leading tech stocks display greater price fluctuations than bitcoin, reflecting evolving digital asset trends.",Forbes,https://www.forbes.com/sites/digital-assets/2024/11/02/tesla-amd-and-nvidia-show-higher-volatility-than-bitcoin-in-october-2024/,02-11-2024 08:25,leading tech stock display greater price fluctuation bitcoin reflecting evolving digital asset trend
PTZOptics cameras zero-days actively exploited in the wild,"Hackers are exploiting two zero-day vulnerabilities, tracked as CVE-2024-8956 and CVE-2024-8957, in PTZOptics cameras. Threat actors are attempting to exploit two zero-day vulnerabilities, tracked as CVE-2024-8956 and CVE-2024-8957, in PTZOptics pan-tilt-zoom…",Securityaffairs.com,https://securityaffairs.com/170456/hacking/ptzoptics-cameras-flaws-exploited.html,02-11-2024 07:16,hacker exploiting two zeroday vulnerability tracked cve cve ptzoptics camera threat actor attempting exploit two zeroday vulnerability tracked cve cve ptzoptics pantiltzoom
Life certificate: How can pensioners submit Jeevan Pramaan Patra offline and online,"To avoid payment disruptions, pensioners must submit their annual life certificates by November 30. The submission period for those under 80 began on November 1",Livemint,https://www.livemint.com/money/personal-finance/life-certificate-how-can-pensioners-submit-jeevan-pramaan-patra-offline-and-online-11730527656915.html,02-11-2024 06:49,avoid payment disruption pensioner must submit annual life certificate november submission period began november
Can anyone besides Nvidia make big bucks from chips?,The strange economics of the semiconductor supply chain,Livemint,https://www.livemint.com/industry/can-anyone-besides-nvidia-make-big-bucks-from-chips-11730525986460.html,02-11-2024 05:44,strange economics semiconductor supply chain
Wine Web and a whole lot of Whatnot,"We join the Whiskey Web and Whatnot podcast live from the hallway track at All Things Open 2024. Topics include: Chianti, content creation, open source, fake jobs, cancel culture, Silicon Valley (ding), frontend frustrations, the Roman empire & more.",Changelog.com,https://changelog.com/friends/68,01-11-2024 21:00,join whiskey web whatnot podcast live hallway track thing open topic include chianti content creation open source fake job cancel culture silicon valley ding frontend frustration roman empire
New LightSpy spyware version targets iPhones with destructive capabilities,"New LightSpy spyware targets iPhones supporting destructive features that can block compromised devices from booting up. In May 2024, ThreatFabric researchers discovered a macOS version of LightSpy spyware that has been active in the wild since at least Janua…",Securityaffairs.com,https://securityaffairs.com/170447/malware/lightspy-spyware-targets-iphones.html,01-11-2024 19:51,new lightspy spyware target iphones supporting destructive feature block compromised device booting may threatfabric researcher discovered macos version lightspy spyware active wild since least janua
Our editors’ favorite products from October,"NBC Select editors recommend their favorite products from October 2024. Shop standout items from Ikea, Merit and Calpak.",NBC News,https://www.nbcnews.com/select/shopping/editor-favorites-october-rcna123403,01-11-2024 17:38,nbc select editor recommend favorite product october shop standout item ikea merit calpak
LottieFiles confirmed a supply chain attack on Lottie-Player,"LottieFiles confirmed a supply chain attack on Lottie-Player, and threat actors targeted cryptocurrency wallets to steal funds. LottieFiles confirmed that threat actors have hacked the Lottie-Player software in a supply chain attack. Lottie-Player is a web co…",Securityaffairs.com,https://securityaffairs.com/170441/hacking/lottiefiles-confirmed-a-supply-chain-attack-on-lottie-player.html,01-11-2024 17:37,lottiefiles confirmed supply chain attack lottieplayer threat actor targeted cryptocurrency wallet steal fund lottiefiles confirmed threat actor hacked lottieplayer software supply chain attack lottieplayer web co
#2268 How is beehiiv making $15 mil per year?,"They feel like the millionth company to offer email newsletter publishing. How are they growing so fast despite the competition?
Tyler Denk is a big reason. A former Morning Brew employee, he took their growth techniques and turned them into a software compan…",Mixergy.com,https://mixergy.com/interviews/how-is-beehiiv-making-15-mil-per-year/,01-11-2024 17:00,feel like millionth company offer email newsletter publishing growing fast despite competition tyler denk big reason former morning brew employee took growth technique turned software compan
Saudi Wants To Use Its Oil Billions To Become An AI Power Player,"Cash, land and cheap renewable energy were key parts of the kingdom’s pitch to become a “global hub for AI” at its annual ‘Davos in the desert” summit.",Forbes,https://www.forbes.com/sites/iainmartin/2024/11/01/saudi-wants-to-use-its-oil-billions-to-become-an-ai-power-player/,01-11-2024 15:24,cash land cheap renewable energy key part kingdom pitch become global hub ai annual davos desert summit
What this VC firm can teach other companies about decarbonizing for real,"Measuring climate impact can be a trust builder, says Eclipse Ventures partner Aidan Madigan-Curtis.",Fortune,https://fortune.com/2024/11/01/eclipse-venture-capital-decarbonizing/,01-11-2024 14:21,measuring climate impact trust builder say eclipse venture partner aidan madigancurtis
"AI Update, November 1, 2024: AI News and Views From the Past Week",Catch up on select AI news and developments from the past week or so. Stay in the know. Read the full article at MarketingProfs,MarketingProfs.com,https://www.marketingprofs.com/opinions/2024/52275/ai-update-november-1-2024-ai-news-and-views-from-the-past-week,01-11-2024 14:00,catch select ai news development past week stay know read full article marketingprofs
5 Profitable AI Businesses You Can Start Today,Find out which types of AI business are gaining fast traction. Turn AI trends into repeatable revenue when you start one of your own.,Forbes,https://www.forbes.com/sites/jodiecook/2024/11/01/5-profitable-ai-businesses-you-can-start-today/,01-11-2024 13:00,find type ai business gaining fast traction turn ai trend repeatable revenue start one
From Raw Data To AI Gold: The Crucial Role Of Data Engineers In Machine Learning,"Data engineers are responsible for the management of data infrastructure, the delivery of large-scale data processing and the preparation of datasets for analysis.",Forbes,https://www.forbes.com/councils/forbestechcouncil/2024/11/01/from-raw-data-to-ai-gold-the-crucial-role-of-data-engineers-in-machine-learning/,01-11-2024 12:00,data engineer responsible management data infrastructure delivery largescale data processing preparation datasets analysis
Forbes Daily: Drone Maker To Ration Batteries After Chinese Sanctions,"Friday's edition of Forbes Daily covers David Koch's son backing Kamala Harris, Facebook profit from election lies, Amazon beats expectations, Apple's earnings and more.",Forbes,https://www.forbes.com/sites/daniellechemtob/2024/11/01/forbes-daily-drone-maker-to-ration-batteries-after-chinese-sanctions/,01-11-2024 11:53,friday edition forbes daily cover david koch son backing kamala harris facebook profit election lie amazon beat expectation apple earnings
The new CFO of a $2 billion AI firm plans to steer strategy with the CEO,Chris Nagy joins Salesloft as CFO bringing more than 25 years of experience.,Fortune,https://fortune.com/2024/11/01/the-new-cfo-of-a-2-billion-ai-firm-plans-to-steer-strategy-with-the-ceo/,01-11-2024 11:17,chris nagy join salesloft cfo bringing year experience
"Bytes: Week in Review — Apple Intelligence arrives, AI writes Google’s code, and AI medical transcription tool hallucinates","An AI transcription tool used in health care has been found to frequently hallucinate things no one ever said, including making up medications. That’s just one of the topics for today’s Marketplace Tech Bytes: Week in Review. Plus, we’ll get into what we lear…",Marketplace.org,https://www.marketplace.org/shows/marketplace-tech/bytes-week-in-review-apple-intelligence-arrives-ai-writes-googles-code-and-ai-medical-transcription-tool-hallucinates/,01-11-2024 10:04,ai transcription tool used health care found frequently hallucinate thing one ever said including making medication thats one topic today marketplace tech byte week review plus well get lear
Europe’s Existential AI Challenge,"If the European Union and its member states want to thrive and safeguard their sovereignty in the twenty-first century, they must get their commercial house in order. In the age of AI, a competitive startup ecosystem is a critical component of economic prospe…",Project Syndicate,https://www.project-syndicate.org/onpoint/europe-will-lose-ai-race-unless-it-fixes-startup-ecosystem-by-bertrand-badre-and-charles-ferguson-2024-11,01-11-2024 09:48,european union member state want thrive safeguard sovereignty twentyfirst century must get commercial house order age ai competitive startup ecosystem critical component economic prospe
