Title,Description,Publisher,Link,Published Time,processed_text
Lumen turns to Google for AI smarts,US network operator adopts Google Cloud AIOpsThe partnership aims to increase Lumen’s operational efficiencies by quickly resolving issues on its network befor…,TelecomTV,https://www.telecomtv.com/content/telcos-and-ai-channel/lumen-turns-to-google-for-ai-smarts-51702/,06-11-2024 14:54,u network operator adopts google cloud aiopsthe partnership aim increase lumen operational efficiency quickly resolving issue network befor
"Pokemon TCG Pocket Lapras ex event guide, best decks, rewards and more",The Lapras event in Pokemon is about beating water-themed decks for card rewards,GamesRadar+,https://www.gamesradar.com/games/pokemon/pokemon-tcg-pocket-lapras-ex-event/,06-11-2024 14:51,lapras event pokemon beating waterthemed deck card reward
Open AI Systems Lag Behind Proprietary and Closed Models,Big players are looking at the pros and cons of releasing things like model weights in a race between “open” and “closed” models.,Forbes,https://www.forbes.com/sites/johnwerner/2024/11/06/open-ai-systems-lag-behind-proprietary-and-closed-models/,06-11-2024 14:50,big player looking pro con releasing thing like model weight race open closed model
Amazon - FINAL FANTASY I-VI Collection Anniversary Edition - 2024 (PS4) $67.18,"Amazon has this FINAL FANTASY I-VI Collection Anniversary Edition - 2024 (PS4) on sale today for $67.18. Plus, shipping is free.<br /><br /><strong>More Ways to Save at Amazon:</strong><ul><li>Don't already have Amazon Prime? <a rel=""nofollow"" href=""https://a…",Dealcatcher.com,https://www.dealcatcher.com/deals/games-entertainment/video-games/final-fantasy-i-vi-collection-anniversary-edition---998321514,06-11-2024 14:40,amazon final fantasy ivi collection anniversary edition p sale today plus shipping freebr br strongmore way save amazonstrongullidont already amazon prime relnofollow href
"Trump 2.0 will have a massive impact on Big Tech, AI, chips and more—in Silicon Valley and beyond","Predicting Trump remains difficult as ever, but there are clues to what the President-elect might do.",Fortune,https://fortune.com/2024/11/06/trump-2-0-will-have-a-massive-impact-on-big-tech-ai-chips-and-more-in-silicon-valley-and-beyond/,06-11-2024 14:38,predicting trump remains difficult ever clue presidentelect might
Trump Has Many Grudges. Now He Has a Chance To Act on Them.,"""If there is an advantage to electing a preening, petty, thin-skinned, whiny, vindictive, vacuous, mendacious, boorish bully"" to the White House, I wrote",Reason,https://reason.com/2024/11/06/trump-has-many-grudges-now-he-has-a-chance-to-act-on-them/,06-11-2024 14:36,advantage electing preening petty thinskinned whiny vindictive vacuous mendacious boorish bully white house wrote
12 Best SaaS Marketing Strategies for Business Growth,Check out the top marketing strategies to drive growth for your SaaS business in 2024.,Semrush.com,https://www.semrush.com/blog/saas-marketing-strategies/,06-11-2024 14:36,check top marketing strategy drive growth saas business
21 Advertising Metrics to Help You Measure Your Performance,"Master the art of ad tracking with these key metrics that reveal the true impact of your campaigns. Discover how conversions, CTR, ROAS, and other KPIs drive your advertising success.",Semrush.com,https://www.semrush.com/blog/advertising-metrics/,06-11-2024 14:35,master art ad tracking key metric reveal true impact campaign discover conversion ctr roas kpis drive advertising success
Looking for new activities? Google wants you to turn to its navigation app,The tech giant is adding generative AI features to Google Maps so people can easily get recommendations for places to go and activities to do.,Boston Herald,https://www.bostonherald.com/2024/11/06/google-maps-new-activities/,06-11-2024 14:25,tech giant adding generative ai feature google map people easily get recommendation place go activity
"Music, myth, and magic",Leroy and Lucy at Steppenwolf tells a blues story that puts African myths and Western storytelling conventions in the crossroad.,Chicago Reader,http://chicagoreader.com/arts-culture/theater/theater-review/leroy-and-lucy-steppenwolf-theatre/,06-11-2024 14:19,leroy lucy steppenwolf tell blue story put african myth western storytelling convention crossroad
Best Black Ops 6 Model L loadout and class setup,Rival BO6's top assault rifles with this Model L build.,PC Gamer,https://www.pcgamer.com/games/call-of-duty/black-ops-6-model-l-loadout/,06-11-2024 14:03,rival bos top assault rifle model l build
AMD Ryzen 7 9800X3D review: Maintaining its legendary title as the best gaming CPU with a slam dunk on Intel,"AMD's new Ryzen 7 9800X3D has a higher price tag than its predecessor, but it's still the best pick for gamers and far cheaper than Intel's underwhelming offering.",Windows Central,https://www.windowscentral.com/hardware/cpu-gpu-components/amd-ryzen-7-9800x3d-review,06-11-2024 14:00,amd new ryzen xd higher price tag predecessor still best pick gamers far cheaper intels underwhelming offering
Few-shot learning for inference in medical imaging with subspace feature representations,"Unlike in the field of visual scene recognition, where tremendous advances have taken place due to the availability of very large datasets to train deep neural networks, inference from medical images is often hampered by the fact that only small amounts of da…",Plos.org,https://journals.plos.org/plosone/article?id=10.1371/journal.pone.0309368,06-11-2024 14:00,unlike field visual scene recognition tremendous advance taken place due availability large datasets train deep neural network inference medical image often hampered fact small amount da
"Evaluation of the Vaginal Panel Realtime PCR kit (Vircell, SL) for diagnosing vaginitis: A comparative study with routinely used diagnostics","Vaginitis is a prevalent clinical disorder associated with several adverse health consequences, prompting women to seek medical care. In this study we evaluate the Vaginal Panel Real-Time PCR kit (qPCR test) against routinely used diagnostics for detection of…",Plos.org,https://journals.plos.org/plosone/article?id=10.1371/journal.pone.0313414,06-11-2024 14:00,vaginitis prevalent clinical disorder associated several adverse health consequence prompting woman seek medical care study evaluate vaginal panel realtime pcr kit qpcr test routinely used diagnostics detection
Psychological experience of patients with postpartum depression: A qualitative meta-synthesis,"Purpose To determine the psychological experiences of patients with postpartum depression by systematically reviewing, retrieving, and synthesizing data from qualitative studies.   Methods Nine databases were systematically searched for relevant publications,…",Plos.org,https://journals.plos.org/plosone/article?id=10.1371/journal.pone.0312996,06-11-2024 14:00,purpose determine psychological experience patient postpartum depression systematically reviewing retrieving synthesizing data qualitative study method nine database systematically searched relevant publication
Fishy business in Seattle: Salmon mislabeling fraud in sushi restaurants vs grocery stores,"Salmon is the most commonly consumed finfish in the United States of America (USA), and the mislabeling of salmon is a widespread problem. Washington State is a global supplier of wild-caught Pacific salmon and local salmon mislabeling results in substantial …",Plos.org,https://journals.plos.org/plosone/article?id=10.1371/journal.pone.0311522,06-11-2024 14:00,salmon commonly consumed finfish united state america usa mislabeling salmon widespread problem washington state global supplier wildcaught pacific salmon local salmon mislabeling result substantial
Non-small cell lung cancer detection through knowledge distillation approach with teaching assistant,"Non-small cell lung cancer (NSCLC) exhibits a comparatively slower rate of metastasis in contrast to small cell lung cancer, contributing to approximately 85% of the global patient population. In this work, leveraging CT scan images, we deploy a knowledge dis…",Plos.org,https://journals.plos.org/plosone/article?id=10.1371/journal.pone.0306441,06-11-2024 14:00,nonsmall cell lung cancer nsclc exhibit comparatively slower rate metastasis contrast small cell lung cancer contributing approximately global patient population work leveraging ct scan image deploy knowledge dis
Assessing the effect of model specification and prior sensitivity on Bayesian tests of temporal signal,Author summary Our knowledge of when historical and modern pathogens emerged and spread is largely grounded on molecular clock models. The inferences from these models assume that sequence sampling times must have captured a sufficient amount of evolutionary …,Plos.org,https://journals.plos.org/ploscompbiol/article?id=10.1371/journal.pcbi.1012371,06-11-2024 14:00,author summary knowledge historical modern pathogen emerged spread largely grounded molecular clock model inference model assume sequence sampling time must captured sufficient amount evolutionary
pycdstar3 added to PyPI,Library and command-line client to access CDSTAR (3.0+),Pypi.org,https://pypi.org/project/pycdstar3/,06-11-2024 13:54,library commandline client access cdstar
"Donald Trump expected to shift course on antitrust, stop Google breakup","Trump is expected to continue cases against Big Tech, several of which began in his first term, but his recent skepticism about a potential Google breakup highlights the power he will hold over how those cases are run. ""If you do that, are you going to destro…",The Times of India,https://economictimes.indiatimes.com/tech/technology/donald-trump-expected-to-shift-course-on-antitrust-stop-google-breakup/articleshow/115021743.cms,06-11-2024 13:34,trump expected continue case big tech several began first term recent skepticism potential google breakup highlight power hold case run going destro
Best Black Ops 6 C9 loadout and class setup,Make one of the best SMGs in BO6 with these recommendations.,PC Gamer,https://www.pcgamer.com/games/call-of-duty/black-ops-6-C9-loadout/,06-11-2024 13:34,make one best smgs bo recommendation
"Trump expected to shift course on antitrust, stop Google breakup","Donald Trump will likely dial back some of the antitrust policies pursued under the administration of President Joe Biden, potentially including a bid to break up Alphabet's Google over its dominance in online search, experts said.Trump is expected to continu…",CNA,https://www.channelnewsasia.com/business/trump-expected-shift-course-antitrust-stop-google-breakup-4730571,06-11-2024 13:29,donald trump likely dial back antitrust policy pursued administration president joe biden potentially including bid break alphabet google dominance online search expert saidtrump expected continu
Here Is The Smartest Black Friday Offer: This AI Tool Is 82% Off To Empower Your Future,"1minAI is an AI tool that everyone should consider, whether you're a newcomer or an AI expert.",Gizmodo.com,https://gizmodo.com/here-is-the-smartest-black-friday-offer-this-ai-tool-is-82-off-to-empower-your-future-2000521062,06-11-2024 13:25,minai ai tool everyone consider whether youre newcomer ai expert
my-django-generator added to PyPI,A Django management command to generate views and serializers based on models.,Pypi.org,https://pypi.org/project/my-django-generator/,06-11-2024 13:12,django management command generate view serializers based model
auto-view-generator added to PyPI,A Django management command to generate views and serializers based on models.,Pypi.org,https://pypi.org/project/auto-view-generator/,06-11-2024 13:12,django management command generate view serializers based model
"Why Is Meta Platforms, Inc. (META) a Top AI Investment Pick?","We recently published a list of 15 Trending AI Stocks on Latest Analyst Ratings and News. In this article, we are going to take a look at where Meta...",Yahoo Entertainment,https://finance.yahoo.com/news/why-meta-platforms-inc-meta-130548598.html,06-11-2024 13:05,recently published list trending ai stock latest analyst rating news article going take look meta
"Streamin, Openvibe, Political Advertising, More: Wednesday ResearchBuzz, November 6, 2024","NEW RESOURCES Found on Calishat Snaps: Streamin, a search engine for streaming media content. From the front page: “Streamin is your ultimate streaming guide, designed to help you discover where to watch […]",Researchbuzz.me,https://researchbuzz.me/2024/11/06/streamin-openvibe-political-advertising-more-wednesday-researchbuzz-november-6-2024/,06-11-2024 13:01,new resource found calishat snap streamin search engine streaming medium content front page streamin ultimate streaming guide designed help discover watch
Best Buy - My Arcade Atari Gamestation Pro + Atari Pocket Player Bundle $99.99,"Best Buy has this My Arcade Atari Gamestation Pro + Atari Pocket Player Bundle on sale today for $99.99. Plus, shipping is free.",Dealcatcher.com,https://www.dealcatcher.com/deals/games-entertainment/video-games/my-arcade-atari-gamestation-pro-atari-pocket-player-bundle-998321398,06-11-2024 13:01,best buy arcade atari gamestation pro atari pocket player bundle sale today plus shipping free
Meta slammed with another fine for mishandling user data,"Meta has faced its fair share of fines for breaking various laws worldwide, and South Korea has just added another one to the list. This time, it's once again tied to how Meta handles its users' data.",PhoneArena,https://www.phonearena.com/news/meta-another-fine-mishandling-user-data_id164519,06-11-2024 12:53,meta faced fair share fine breaking various law worldwide south korea added another one list time tied meta handle user data
"It Takes Almost 2 Years to Complete Just the First Pokémon TCG Pocket Set, Unless You Spend Money","A Pokémon Trading Card Game Pocket player has calculated just how long it takes to complete the first set, Genetic Apex, and those not looking to spend any money can expect to be collecting 'em all for towards two years.",IGN,https://www.ign.com/articles/it-takes-almost-2-years-to-complete-just-the-first-pokmon-tcg-pocket-set-unless-you-spend-money,06-11-2024 12:50,pokmon trading card game pocket player calculated long take complete first set genetic apex looking spend money expect collecting em towards two year
"Harbor Capital Advisors Inc. Buys 267 Shares of Meta Platforms, Inc. (NASDAQ:META)","Harbor Capital Advisors Inc. boosted its position in Meta Platforms, Inc. (NASDAQ:META – Free Report) by 1.1% in the third quarter, HoldingsChannel.com reports. The institutional investor owned 24,451 shares of the social networking company’s stock after acqu…",ETF Daily News,https://www.etfdailynews.com/2024/11/06/harbor-capital-advisors-inc-buys-267-shares-of-meta-platforms-inc-nasdaqmeta/,06-11-2024 12:48,harbor capital advisor inc boosted position meta platform inc nasdaqmeta free report third quarter holdingschannelcom report institutional investor owned share social networking company stock acqu
Thumzup Finalizing Video Capabilities to Enable Integration with Instagram Reels,"Los Angeles, CA, Nov. 06, 2024 (GLOBE NEWSWIRE) -- Thumzup Media Corporation
 (""Thumzup"" or the ""Company"") (Nasdaq: TZUP), a leading provider of innovative social media branding and marketing solutions which allow businesses and brands to pay customers and f…",GlobeNewswire,https://www.globenewswire.com/news-release/2024/11/06/2975634/0/en/Thumzup-Finalizing-Video-Capabilities-to-Enable-Integration-with-Instagram-Reels.html,06-11-2024 12:47,los angeles ca nov globe newswire thumzup medium corporation thumzup company nasdaq tzup leading provider innovative social medium branding marketing solution allow business brand pay customer f
How big is Nvidia now? It just surpassed Apple as the world's biggest company and is currently worth more than Amazon and Meta combined. Won't somebody think of the egos? [Interesting],How big is Nvidia now? It just surpassed Apple as the world's biggest company and is currently worth more than Amazon and Meta combined. Won't somebody think of the egos?,Fark.com,https://www.fark.com/comments/13454154/How-big-is-Nvidia-now-It-just-surpassed-Apple-as-worlds-biggest-company-is-currently-worth-more-than-Amazon-Meta-combined-Wont-somebody-think-of-egos,06-11-2024 12:38,big nvidia surpassed apple world biggest company currently worth amazon meta combined wont somebody think ego
balrog-nle added to PyPI,BALROG version of The NetHack Learning Environment (NLE),Pypi.org,https://pypi.org/project/balrog-nle/,06-11-2024 12:35,balrog version nethack learning environment nle
A Marketer’s Guide to Social Media Advertising Tools,"Looking to enhance your social media ad strategy in 2025? Discover top advertising tools that streamline campaign management, optimize budgets, and boost conversions—all tailored for busy marketers.",Semrush.com,https://www.semrush.com/blog/social-media-advertising-tools/,06-11-2024 12:35,looking enhance social medium ad strategy discover top advertising tool streamline campaign management optimize budget boost conversionsall tailored busy marketer
The Morning After: Your Switch games will work on Nintendo’s next console,"You won't have to worry about repurchasing your Nintendo favorites when the Switch’s successor finally arrives. In its earnings report, Nintendo said its next console will have backwards compatibility and be able to run games made for the Switch. In addition,…",Slashdot.org,https://slashdot.org/firehose.pl?op=view&amp;id=175415875,06-11-2024 12:32,wont worry repurchasing nintendo favorite switch successor finally arrives earnings report nintendo said next console backwards compatibility able run game made switch addition
"504 Gateway Timeout in Production for Django API Endpoint with Meta Products Feed API, but Works Locally","I'm working on a Django API that integrates with the Meta API for WhatsApp product feeds. This endpoint works perfectly on my local machine, but when I deploy it to production, it returns a 504 Gateway Timeout error.
Details:
Local Request (Works):
curl -X PO…",Stackoverflow.com,https://stackoverflow.com/questions/79161884/504-gateway-timeout-in-production-for-django-api-endpoint-with-meta-products-fee,06-11-2024 12:25,im working django api integrates meta api whatsapp product feed endpoint work perfectly local machine deploy production return gateway timeout error detail local request work curl x po
How to setup your Meta Quest 2,"This tutorial explains how you can set up your Meta Quest 2.
The post How to setup your Meta Quest 2 appeared first on Phandroid.",Phandroid - News for Android,https://phandroid.com/2024/11/06/how-to-setup-your-meta-quest-2/,06-11-2024 12:21,tutorial explains set meta quest post setup meta quest appeared first phandroid
The Morning After: Your Switch games will work on Nintendo’s next console,"You won't have to worry about repurchasing your Nintendo favorites when the Switch’s successor finally arrives. In its earnings report, Nintendo said its next console will have backwards compatibility and be able to run games made for the Switch. In addition,…",Yahoo Entertainment,https://consent.yahoo.com/v2/collectConsent?sessionId=1_cc-session_fb8207d6-7ef1-43bb-a715-45d36e43b3dd,06-11-2024 12:15,wont worry repurchasing nintendo favorite switch successor finally arrives earnings report nintendo said next console backwards compatibility able run game made switch addition
Nvidia Dethrones Apple As World's Most Valuable Company,"With a $3.42 trillion market capitalization, Nvidia overtakes Apple as the most valuable publicly traded corporation in the world. Its extraordinary growth is driven by its supremacy in the AI and GPU markets.",International Business Times,https://www.ibtimes.com/nvidia-dethrones-apple-worlds-most-valuable-company-3749777,06-11-2024 12:05,trillion market capitalization nvidia overtakes apple valuable publicly traded corporation world extraordinary growth driven supremacy ai gpu market
South Korea fined Meta $15.67M for illegally collecting and sharing Facebook users,"South Korea fined Meta $15.67M for illegally collecting and sharing Facebook users’ sensitive data, including political views and sexual orientation, with advertisers. South Korea’s data privacy watchdog, Personal Information Protection Commission (PIPC), fin…",Securityaffairs.com,https://securityaffairs.com/170618/digital-id/south-korea-fined-meta-15-67m.html,06-11-2024 12:00,south korea fined meta illegally collecting sharing facebook user sensitive data including political view sexual orientation advertiser south korea data privacy watchdog personal information protection commission pipc fin
"Your daily UFC trivia game, Wednesday edition",Think you can figure out which UFC fighter we’re talking about? You’ll get five clues to figure him out.,MMA Mania,https://www.mmamania.com/2024/11/6/24289032/sb-nation-daily-trivia-game-ufc-in-5-mmam-nov-6,06-11-2024 12:00,think figure ufc fighter talking youll get five clue figure
"Your daily NFL trivia game, Wednesday edition",Think you can figure out what NFL player we’re talking about? You’ll get five clues to figure him out.,SB Nation,https://www.sbnation.com/2024/11/6/24289028/sb-nations-daily-trivia-game-in-5-dot-com-nov-6,06-11-2024 12:00,think figure nfl player talking youll get five clue figure
Best AR glasses of 2024: Your guide to next-level reality,"Meta made serious waves this September with the debut of its Orion AR glasses prototype. While it’s not yet available for purchase, Orion gives us a glimpse into the AR-powered future we’ve been dreaming of—one where we’re no longer stuck..",Gadget Flow,https://thegadgetflow.com/blog/best-ar-glasses/,06-11-2024 12:00,meta made serious wave september debut orion ar glass prototype yet available purchase orion give u glimpse arpowered future weve dreaming ofone longer stuck
"Your daily UFC trivia game, Wednesday edition",Think you can figure out which UFC fighter we’re talking about? You’ll get five clues to figure him out.,MMA Fighting,https://www.mmafighting.com/2024/11/6/24289029/sb-nation-daily-trivia-game-ufc-in-5-mmaf-nov-6,06-11-2024 12:00,think figure ufc fighter talking youll get five clue figure
Why I love Rust for tokenising and parsing,"Nov 4, 20243907 Words19 Minute readTable of Contents I am currently writing a analysis tool for Sql: sqleibniz, specifically for the sqlite dialect. The goal is to perform static analysis for sql input, including: syntax checks, checks if tables, columns and …",Xnacly.me,https://xnacly.me/posts/2024/rust-pldev/,06-11-2024 11:36,nov word minute readtable content currently writing analysis tool sql sqleibniz specifically sqlite dialect goal perform static analysis sql input including syntax check check table column
"Lmcg Investments LLC Decreases Position in Meta Platforms, Inc. (NASDAQ:META)","Lmcg Investments LLC lowered its position in Meta Platforms, Inc. (NASDAQ:META – Free Report) by 1.3% in the third quarter, HoldingsChannel reports. The institutional investor owned 22,032 shares of the social networking company’s stock after selling 298 shar…",ETF Daily News,https://www.etfdailynews.com/2024/11/06/lmcg-investments-llc-decreases-position-in-meta-platforms-inc-nasdaqmeta/,06-11-2024 11:34,lmcg investment llc lowered position meta platform inc nasdaqmeta free report third quarter holdingschannel report institutional investor owned share social networking company stock selling shar
"Conning Inc. Boosts Stock Position in Meta Platforms, Inc. (NASDAQ:META)","Conning Inc. lifted its holdings in shares of Meta Platforms, Inc. (NASDAQ:META – Free Report) by 2.6% during the third quarter, according to its most recent 13F filing with the Securities and Exchange Commission (SEC). The firm owned 23,501 shares of the soc…",ETF Daily News,https://www.etfdailynews.com/2024/11/06/conning-inc-boosts-stock-position-in-meta-platforms-inc-nasdaqmeta/,06-11-2024 11:34,conning inc lifted holding share meta platform inc nasdaqmeta free report third quarter according recent f filing security exchange commission sec firm owned share soc
"Pure Financial Advisors LLC Has $2.45 Million Position in Meta Platforms, Inc. (NASDAQ:META)","Pure Financial Advisors LLC lifted its stake in Meta Platforms, Inc. (NASDAQ:META – Free Report) by 6.2% during the third quarter, according to its most recent disclosure with the Securities and Exchange Commission. The fund owned 4,282 shares of the social n…",ETF Daily News,https://www.etfdailynews.com/2024/11/06/pure-financial-advisors-llc-has-2-45-million-position-in-meta-platforms-inc-nasdaqmeta/,06-11-2024 11:34,pure financial advisor llc lifted stake meta platform inc nasdaqmeta free report third quarter according recent disclosure security exchange commission fund owned share social n
"Prossimo Advisors LLC Boosts Stake in Meta Platforms, Inc. (NASDAQ:META)","Prossimo Advisors LLC grew its holdings in shares of Meta Platforms, Inc. (NASDAQ:META – Free Report) by 27.2% in the 3rd quarter, according to its most recent disclosure with the Securities and Exchange Commission (SEC). The institutional investor owned 972 …",ETF Daily News,https://www.etfdailynews.com/2024/11/06/prossimo-advisors-llc-boosts-stake-in-meta-platforms-inc-nasdaqmeta/,06-11-2024 11:34,prossimo advisor llc grew holding share meta platform inc nasdaqmeta free report rd quarter according recent disclosure security exchange commission sec institutional investor owned
"What's next for tech giants like Google, Apple, and Microsoft now that Trump has won","Trump is likely to strip away AI regulations, but also target the key H1-B visas the tech industry relies on, experts said.",Business Insider,https://www.businessinsider.com/donald-trump-presidency-affect-big-tech-2024-11,06-11-2024 11:14,trump likely strip away ai regulation also target key hb visa tech industry relies expert said
Bees reportedly stopped Meta from building a nuclear-powered AI data center,"Meta had plans to build an AI data center in the US that relies on nuclear power  it even already knew where it wanted the facility to be built. According to the Financial Times, though, the company had to scrap its plans, because the a rare bee species was …",Madshrimps.be,http://www.madshrimps.be/news/item/234150,06-11-2024 11:10,meta plan build ai data center u relies nuclear power even already knew wanted facility built according financial time though company scrap plan rare bee specie
US Supreme Court hears Facebook bid to escape securities fraud suit,WASHINGTON :The U.S. Supreme Court began hearing arguments on Wednesday in a bid by Meta's Facebook to scuttle a federal securities fraud lawsuit brought by shareholders who accused the social media platform of misleading them about the misuse of its user dat…,CNA,https://www.channelnewsasia.com/business/us-supreme-court-hears-facebook-bid-escape-securities-fraud-suit-4730276,06-11-2024 11:03,washington u supreme court began hearing argument wednesday bid metas facebook scuttle federal security fraud lawsuit brought shareholder accused social medium platform misleading misuse user dat
The best open-source AI models: All your free-to-use options explained,"Here are the best open-source and free-to-use AI models for text, images, and audio, organized by type, application, and licensing considerations.",ZDNet,https://www.zdnet.com/article/the-best-open-source-ai-models-all-your-free-to-use-options-explained/,06-11-2024 11:00,best opensource freetouse ai model text image audio organized type application licensing consideration
Amazon Just Became the Market's Best Investment,"Earnings season has been a bit concerning so far. Shares of stalwart names like Microsoft (NASDAQ: MSFT), Meta Platforms (NASDAQ: META), and Apple (NASDAQ: AAPL) have all suffered pullbacks in the wake of lackluster results and/or disappointing guidance. Give…",Biztoc.com,https://biztoc.com/x/2f50ffbbf1c40a99,06-11-2024 10:54,earnings season bit concerning far share stalwart name like microsoft nasdaq msft meta platform nasdaq meta apple nasdaq aapl suffered pullback wake lackluster result andor disappointing guidance give
Meta extends restrictions on political ads even after the US elections,"The unspecified reason to extend the ad restrictions should be seen in the backdrop of reports alleging misinformation in ads during the 2024 general elections in India.
The post Meta extends restrictions on political ads even after the US elections appeared …",MediaNama.com,https://www.medianama.com/2024/11/223-ahead-of-the-us-election-results-meta-extends-political-ads-restrictions-to-combat-misinformation/,06-11-2024 10:44,unspecified reason extend ad restriction seen backdrop report alleging misinformation ad general election india post meta extends restriction political ad even u election appeared
Tech Stocks Gain But Apple and Meta Lag Behind Amid Election results,"3 min ago
Tech Stocks Gain But Apple and Meta Lag Behind Amid Election results
The market looks to be broadly positive about the prospects for technology stocks during a second term as president for Donald Trump but the prospect of tariffs appeared to be weig…",Biztoc.com,https://biztoc.com/x/dec25441607ab69a,06-11-2024 10:43,min ago tech stock gain apple meta lag behind amid election result market look broadly positive prospect technology stock second term president donald trump prospect tariff appeared weig
"Voters Didn't Reject Women, They Rejected Kamala Harris","Kamala Harris is the loser of the 2024 presidential election. Donald Trump has 277 electoral votes, according to the Associated Press, with several states",Reason,https://reason.com/2024/11/06/voters-didnt-reject-women-they-rejected-kamala-harris/,06-11-2024 10:42,kamala harris loser presidential election donald trump electoral vote according associated press several state
Tech Stocks Gain But Apple and Meta Lag Behind Amid Election results,"Futures for the Dow, S&P 500, and Nasdaq jump higher in premarket trading as the stock market reacts to Trump's victory over Harris.",Barron's,https://www.barrons.com/livecoverage/stock-market-election-trump-harris-today-110624,06-11-2024 10:39,future dow sp nasdaq jump higher premarket trading stock market reacts trump victory harris
Tech leaders plan $800 Tel Aviv - New York return fares,"DemocraTech announced it is holding talks to operate an airline between Israel and the US between January and March, intending to open it up to the general public.",The Jerusalem Post,https://www.jpost.com/international/article-827810,06-11-2024 10:30,democratech announced holding talk operate airline israel u january march intending open general public
Do The Woo Community: The Future of Distributed Social Media on WordPress with Robert Windisch and Matthias Pfefferle,"In this episode, Abha discusses WordPress's potential evolution into a distributed social media platform with Matthias and Robert, emphasizing community engagement and new tools.",Dothewoo.io,https://dothewoo.io/the-future-of-distributed-social-media-on-wordpress-with-robert-windisch-and-matthias-pfefferle/,06-11-2024 10:23,episode abha discus wordpresss potential evolution distributed social medium platform matthias robert emphasizing community engagement new tool
Call of Duty: Black Ops 6 review - wobbling franchise retreats to safe ground,Playing Call of Duty: Black Ops 6's multiplayer this week I felt something I hadn't felt when dashing about in Call of Duty for a little while: just ever so slightly bored. Read more,Eurogamer.net,https://www.eurogamer.net/call-of-duty-black-ops-6-review,06-11-2024 10:20,playing call duty black ops multiplayer week felt something hadnt felt dashing call duty little ever slightly bored read
The future of international communication,"International communication is an integral component of the world economy, and the Internet age has done much to advance social and cultural ties and political goals worldwide.",Israelnationalnews.com,https://www.israelnationalnews.com/news/398704,06-11-2024 10:02,international communication integral component world economy internet age done much advance social cultural tie political goal worldwide
"Latitude Advisors LLC Acquires 93 Shares of Meta Platforms, Inc. (NASDAQ:META)","Latitude Advisors LLC grew its holdings in Meta Platforms, Inc. (NASDAQ:META – Free Report) by 3.8% in the third quarter, according to the company in its most recent 13F filing with the SEC. The institutional investor owned 2,542 shares of the social networki…",ETF Daily News,https://www.etfdailynews.com/2024/11/06/latitude-advisors-llc-acquires-93-shares-of-meta-platforms-inc-nasdaqmeta/,06-11-2024 10:01,latitude advisor llc grew holding meta platform inc nasdaqmeta free report third quarter according company recent f filing sec institutional investor owned share social networki
"GFS Advisors LLC Trims Stock Position in Meta Platforms, Inc. (NASDAQ:META)","GFS Advisors LLC decreased its position in shares of Meta Platforms, Inc. (NASDAQ:META – Free Report) by 89.6% during the 3rd quarter, according to the company in its most recent disclosure with the SEC. The fund owned 20,542 shares of the social networking c…",ETF Daily News,https://www.etfdailynews.com/2024/11/06/gfs-advisors-llc-trims-stock-position-in-meta-platforms-inc-nasdaqmeta/,06-11-2024 10:00,gfs advisor llc decreased position share meta platform inc nasdaqmeta free report rd quarter according company recent disclosure sec fund owned share social networking c
Nvidia surpasses Apple as world's biggest company,Chip-making giant Nvidia surpassed Apple on Tuesday to become the highest valued company in the world as the artificial intelligence boom continues to excite Wall Street.,Tech Xplore,https://techxplore.com/news/2024-11-nvidia-surpasses-apple-world-biggest.html,06-11-2024 09:39,chipmaking giant nvidia surpassed apple tuesday become highest valued company world artificial intelligence boom continues excite wall street
Fact Check: Were ICE officers told to avoid uniforms while US voting?,A viral claim suggests immigration officers were told not to wear uniforms to avoid scaring undocumented migrants. Not true.,Al Jazeera English,https://www.aljazeera.com/news/2024/11/6/fact-check-were-ice-officers-told-to-avoid-uniforms-while-us-voting,06-11-2024 09:30,viral claim suggests immigration officer told wear uniform avoid scaring undocumented migrant true
"Invesco LLC Has $1.89 Million Holdings in Meta Platforms, Inc. (NASDAQ:META)","Invesco LLC decreased its holdings in Meta Platforms, Inc. (NASDAQ:META – Free Report) by 0.8% in the 3rd quarter, according to its most recent filing with the Securities & Exchange Commission. The institutional investor owned 3,297 shares of the social netwo…",ETF Daily News,https://www.etfdailynews.com/2024/11/06/invesco-llc-has-1-89-million-holdings-in-meta-platforms-inc-nasdaqmeta/,06-11-2024 09:27,invesco llc decreased holding meta platform inc nasdaqmeta free report rd quarter according recent filing security exchange commission institutional investor owned share social netwo
"Realta Investment Advisors Sells 12,575 Shares of Meta Platforms, Inc. (NASDAQ:META)","Realta Investment Advisors decreased its position in shares of Meta Platforms, Inc. (NASDAQ:META – Free Report) by 74.4% in the third quarter, Holdings Channel reports. The fund owned 4,317 shares of the social networking company’s stock after selling 12,575 …",ETF Daily News,https://www.etfdailynews.com/2024/11/06/realta-investment-advisors-sells-12575-shares-of-meta-platforms-inc-nasdaqmeta/,06-11-2024 09:27,realta investment advisor decreased position share meta platform inc nasdaqmeta free report third quarter holding channel report fund owned share social networking company stock selling
"Key Financial Inc Sells 69 Shares of Meta Platforms, Inc. (NASDAQ:META)","Key Financial Inc reduced its holdings in shares of Meta Platforms, Inc. (NASDAQ:META – Free Report) by 5.2% in the third quarter, according to the company in its most recent 13F filing with the Securities and Exchange Commission. The firm owned 1,262 shares …",ETF Daily News,https://www.etfdailynews.com/2024/11/06/key-financial-inc-sells-69-shares-of-meta-platforms-inc-nasdaqmeta/,06-11-2024 09:27,key financial inc reduced holding share meta platform inc nasdaqmeta free report third quarter according company recent f filing security exchange commission firm owned share
"First Interstate Bank Reduces Holdings in Meta Platforms, Inc. (NASDAQ:META)","First Interstate Bank cut its stake in Meta Platforms, Inc. (NASDAQ:META – Free Report) by 8.0% in the third quarter, according to the company in its most recent disclosure with the Securities and Exchange Commission (SEC). The fund owned 3,021 shares of the …",ETF Daily News,https://www.etfdailynews.com/2024/11/06/first-interstate-bank-reduces-holdings-in-meta-platforms-inc-nasdaqmeta/,06-11-2024 09:27,first interstate bank cut stake meta platform inc nasdaqmeta free report third quarter according company recent disclosure security exchange commission sec fund owned share
Instagram to use AI to catch teens lying about their age and automatically move them to restricted accounts,Meta is going to use AI to check if its users are lying about their ages and restrict teens to teen accounts.,TechRadar,https://www.techradar.com/computing/artificial-intelligence/instagram-to-use-ai-to-catch-teens-lying-about-their-age-and-automatically-move-them-to-restricted-accounts,06-11-2024 09:15,meta going use ai check user lying age restrict teen teen account
Synology fixed critical flaw impacting millions of DiskStation and BeePhotos NAS devices,"Synology addressed a critical vulnerability in DiskStation and BeePhotos NAS devices that could lead to remote code execution. Taiwanese vendor Synology has addressed a critical security vulnerability, tracked as CVE-2024-10443, that impacts DiskStation and B…",Securityaffairs.com,https://securityaffairs.com/170602/hacking/synology-fixed-critical-bug-in-diskstation-and-beephotos-nas.html,06-11-2024 09:09,synology addressed critical vulnerability diskstation beephotos na device could lead remote code execution taiwanese vendor synology addressed critical security vulnerability tracked cve impact diskstation b
9 things ChatGPT can do for your real estate business for free,"With these AI-driven strategies at your fingertips, coach Darryl Davis writes, the path to becoming a more successful and efficient real estate agent is clearer than ever.",Inman,https://www.inman.com/2024/11/06/10-things-chatgpt-can-do-for-your-real-estate-business-for-free/,06-11-2024 09:00,aidriven strategy fingertip coach darryl davis writes path becoming successful efficient real estate agent clearer ever
Podcast: Generally AI - Season 2 - Episode 6: The Godfathers of Programming and AI,"Hosts discuss the Godfather of AI, Geoffrey Hinton, who developed pivotal algorithms like backpropagation, contributed to neural visualization with t-SNE, and inspired a resurgence in neural networks with AlexNet's success. They turn to John von Neumann, whos…",InfoQ.com,https://www.infoq.com/podcasts/generally-ai-godfathers-programming-ai/,06-11-2024 09:00,host discus godfather ai geoffrey hinton developed pivotal algorithm like backpropagation contributed neural visualization tsne inspired resurgence neural network alexnets success turn john von neumann who
Article: Being a Responsible Developer in the Age of AI Hype,"Justin Sheehy emphasizes that AI is code, not magic, and warns against inflated claims about AI capabilities. He urges developers to approach AI with healthy skepticism, seeking verifiable evidence and focusing on ethical practices, including addressing bias,…",InfoQ.com,https://www.infoq.com/articles/responsible-developer-ai-hype/,06-11-2024 09:00,justin sheehy emphasizes ai code magic warns inflated claim ai capability urge developer approach ai healthy skepticism seeking verifiable evidence focusing ethical practice including addressing bias
ChatGPT Search vs Google - let the search wars begin!,"Last week ChatGPT launched its much awaited search engine, allowing for the first time its users to get the latest information and content available on the Internet. ChatGPT is not the first generative AI company to try and rival Google with an AI-powered sea…",Hospitality Net,https://www.hospitalitynet.org/opinion/4124499.html,06-11-2024 08:09,last week chatgpt launched much awaited search engine allowing first time user get latest information content available internet chatgpt first generative ai company try rival google aipowered sea
"Rep. Marjorie Taylor Greene Buys Shares of Meta Platforms, Inc. (NASDAQ:META)","Representative Marjorie Taylor Greene (R-Georgia) recently bought shares of Meta Platforms, Inc. (NASDAQ:META). In a filing disclosed on November 04th, the Representative disclosed that they had bought between $1,001 and $15,000 in Meta Platforms stock on Nov…",ETF Daily News,https://www.etfdailynews.com/2024/11/06/rep-marjorie-taylor-greene-buys-shares-of-meta-platforms-inc-nasdaqmeta/,06-11-2024 08:07,representative marjorie taylor greene rgeorgia recently bought share meta platform inc nasdaqmeta filing disclosed november th representative disclosed bought meta platform stock nov
"Rep. Marjorie Taylor Greene Buys Tesla, Inc. (NASDAQ:TSLA) Stock","Representative Marjorie Taylor Greene (R-Georgia) recently bought shares of Tesla, Inc. (NASDAQ:TSLA). In a filing disclosed on November 04th, the Representative disclosed that they had bought between $1,001 and $15,000 in Tesla stock on November 1st. Represe…",ETF Daily News,https://www.etfdailynews.com/2024/11/06/rep-marjorie-taylor-greene-buys-tesla-inc-nasdaqtsla-stock/,06-11-2024 08:07,representative marjorie taylor greene rgeorgia recently bought share tesla inc nasdaqtsla filing disclosed november th representative disclosed bought tesla stock november st represe
StockNews.com Begins Coverage on trivago (NASDAQ:TRVG),Equities research analysts at StockNews.com initiated coverage on shares of trivago (NASDAQ:TRVG – Get Free Report) in a research note issued to investors on Monday. The brokerage set a “buy” rating on the technology company’s stock. TRVG has been the subject…,ETF Daily News,https://www.etfdailynews.com/2024/11/06/stocknews-com-begins-coverage-on-trivago-nasdaqtrvg-3/,06-11-2024 07:58,equity research analyst stocknewscom initiated coverage share trivago nasdaqtrvg get free report research note issued investor monday brokerage set buy rating technology company stock trvg subject
WhatsApp working on an in-app reverse Google image search option,A new useful image search feature has been discovered in WhatsApp beta for Android.,PhoneArena,https://www.phonearena.com/news/whatsapp-working-on-an-in-app-reverse-google-image-search-option_id164503,06-11-2024 07:49,new useful image search feature discovered whatsapp beta android
OP Jindal University Student Files Suit Against AI-Based Plagiarism System; Here are his arguments,"A student at O.P. Jindal Global University has filed a petition against the institution in the Punjab and Haryana High…
The post OP Jindal University Student Files Suit Against AI-Based Plagiarism System; Here are his arguments appeared first on MEDIANAMA.",MediaNama.com,https://www.medianama.com/2024/11/223-op-jindal-university-llm-student-petition-againstai-plagiarism-claim/,06-11-2024 07:15,student op jindal global university filed petition institution punjab haryana high post op jindal university student file suit aibased plagiarism system argument appeared first medianama
FY2024 EPS Estimates for GoDaddy Boosted by Seaport Res Ptn,"GoDaddy Inc. (NYSE:GDDY – Free Report) – Research analysts at Seaport Res Ptn raised their FY2024 earnings estimates for shares of GoDaddy in a note issued to investors on Thursday, October 31st. Seaport Res Ptn analyst A. Kessler now expects that the technol…",ETF Daily News,https://www.etfdailynews.com/2024/11/06/fy2024-eps-estimates-for-godaddy-boosted-by-seaport-res-ptn/,06-11-2024 07:14,godaddy inc nysegddy free report research analyst seaport re ptn raised fy earnings estimate share godaddy note issued investor thursday october st seaport re ptn analyst kessler expects technol
DJT stock surges in premarket trading as Trump clinches election win,"It's set to be another volatile trading session for Trump Media & Technology Group (DJT), the home of Republican nominee Donald Trump's social media platform...",Yahoo Entertainment,https://finance.yahoo.com/news/djt-stock-surges-in-premarket-trading-as-trump-clinches-election-win-071432845.html,06-11-2024 07:14,set another volatile trading session trump medium technology group djt home republican nominee donald trump social medium platform
DJT stock jumps in after-hours trading as Trump gains election edge,"It's set to be another volatile trading session for Trump Media & Technology Group (DJT), the home of Republican nominee Donald Trump's social media platform...",Yahoo Entertainment,https://finance.yahoo.com/news/djt-stock-jumps-in-after-hours-trading-as-trump-gains-election-edge-071432307.html,06-11-2024 07:14,set another volatile trading session trump medium technology group djt home republican nominee donald trump social medium platform
Mogelijke verkiezingswinst Trump zorgt voor record Bitcoin-koers,See omnystudio.com/listener for privacy information.,Omny.fm,https://omny.fm/shows/tech-update/mogelijke-verkiezingswinst-trump-zorgt-voor-record,06-11-2024 07:05,see omnystudiocomlistener privacy information
Meet Canonical at KubeCon + CloudNativeCon North America 2024,"We are ready to connect with the pioneers of open-source innovation! Canonical, the force behind Ubuntu, is returning as a gold sponsor at KubeCon + CloudNativeCon North America 2024.  This premier event, hosted by the Cloud Native Computing Foundation, bring…",Ubuntu.com,https://ubuntu.com/blog/meet-canonical-at-kubecon-cloudnativecon-north-america-2024,06-11-2024 07:00,ready connect pioneer opensource innovation canonical force behind ubuntu returning gold sponsor kubecon cloudnativecon north america premier event hosted cloud native computing foundation bring
South Korea Fines Meta $15.67M for Illegally Sharing Sensitive User Data with Advertisers,"Meta has been fined 21.62 billion won ($15.67 million) by South Korea's data privacy watchdog for illegally collecting sensitive personal information from Facebook users, including data about their political views and sexual orientation, and sharing it with a…",Internet,https://thehackernews.com/2024/11/south-korea-fines-meta-1567m-for.html,06-11-2024 06:58,meta fined billion million south korea data privacy watchdog illegally collecting sensitive personal information facebook user including data political view sexual orientation sharing
FY2024 EPS Estimates for Meta Platforms Increased by Wedbush,"Meta Platforms, Inc. (NASDAQ:META – Free Report) – Analysts at Wedbush lifted their FY2024 earnings per share (EPS) estimates for Meta Platforms in a research note issued to investors on Thursday, October 31st. Wedbush analyst S. Devitt now expects that the s…",ETF Daily News,https://www.etfdailynews.com/2024/11/06/fy2024-eps-estimates-for-meta-platforms-increased-by-wedbush/,06-11-2024 06:56,meta platform inc nasdaqmeta free report analyst wedbush lifted fy earnings per share eps estimate meta platform research note issued investor thursday october st wedbush analyst devitt expects
Meta gives nod to weaponizing Llama – but only for the good guys,"Meta gives nod to weaponizing Llama – but only for the good guys
Change of mind follows discovery China was playing with it uninvited?
Meta has historically restricted its LLMs from uses that could cause harm – but that has apparently changed. The Facebook gi…",Biztoc.com,https://biztoc.com/x/341dc5b7c4181097,06-11-2024 06:52,meta give nod weaponizing llama good guy change mind follows discovery china playing uninvited meta historically restricted llm us could cause harm apparently changed facebook gi
Apple Is Reportedly Looking To Develop Its Own Smart Glasses,"Apple is looking to new innovative ventures. Following Meta's footsteps, Apple is reportedly looking to develop its own smart glasses. According to Bloomberg, the iPhone maker is moving into AI eyewear after its Apple Vison Pro headset.Apple recently conducte…",HYPEBEAST,https://hypebeast.com/2024/11/apple-developing-own-smart-glasses-reports,06-11-2024 06:50,apple looking new innovative venture following metas footstep apple reportedly looking develop smart glass according bloomberg iphone maker moving ai eyewear apple vison pro headsetapple recently conducte
Meta gives nod to weaponizing Llama – but only for the good guys,"Change of mind follows discovery China was playing with it uninvited?
Meta has historically restricted its LLMs from uses that could cause harm – but that has apparently changed. The Facebook giant has announced it will allow the US government to use its Llam…",Theregister.com,https://www.theregister.com/2024/11/06/meta_weaponizing_llama_us/,06-11-2024 06:48,change mind follows discovery china playing uninvited meta historically restricted llm us could cause harm apparently changed facebook giant announced allow u government use llam
"Meta advances XR ecosystem to power next-gen smart devices, says DIGITIMES Research","Meta's XR division, Reality Labs, remains unprofitable despite revenue growth, with Quest 3 sales driving a 30% increase in the first quarter and 28% in the second quarter of 2024 over 2023. These gains were offset by high operating expenses, leading to a US$…",Digitimes,https://www.digitimes.com/news/a20241029VL208/digitimes-research-meet-the-analyst-ar-xr-meta.html,06-11-2024 06:43,metas xr division reality lab remains unprofitable despite revenue growth quest sale driving increase first quarter second quarter gain offset high operating expense leading u
Lina Khan: The FTC Chair who became a hot topic in the 2024 US Election,"Lina Khan, the youngest ever chair of the Federal Trade Commission, faces an uncertain future as the 2024 election approaches. Her aggressive antitrust enforcement, targeting tech giants like Amazon and Meta, has drawn criticism from both Democrats and Republ…",The Times of India,https://economictimes.indiatimes.com/news/india/lina-khan-the-ftc-chair-who-became-a-hot-topic-in-the-2024-us-election/articleshow/115005935.cms,06-11-2024 06:35,lina khan youngest ever chair federal trade commission face uncertain future election approach aggressive antitrust enforcement targeting tech giant like amazon meta drawn criticism democrat republ
Dublin Airport set to exceed passenger cap this year,"The best news, analysis and comment from The Irish Times business desk",The Irish Times,https://www.irishtimes.com/business/2024/11/06/dublin-airport-set-to-exceed-passenger-cap-this-year/,06-11-2024 06:34,best news analysis comment irish time business desk
How Dewar’s Uses Social Media – And Golf – To Target A New Generation Of Scotch Drinkers,"With signal loss on the rise, many advertisers are giving first-party data more of a shot. Not scotch whisky brand Dewar’s, though.
The post How Dewar’s Uses Social Media – And Golf – To Target A New Generation Of Scotch Drinkers appeared first on AdExchanger.",AdExchanger,http://www.adexchanger.com/advertiser/how-dewars-uses-social-media-and-golf-to-target-a-new-generation-of-scotch-drinkers/,06-11-2024 06:00,signal loss rise many advertiser giving firstparty data shot scotch whisky brand dewar though post dewar us social medium golf target new generation scotch drinker appeared first adexchanger
Study finds loneliness increases risk of developing dementia,"A recent large-scale study has found that loneliness may significantly increase one’s risk of developing dementia. The study, published in Nature Mental Health, reveals that individuals who reported feeling lonely were 31 percent more likely to develop dement…",Naturalnews.com,https://www.naturalnews.com/2024-11-06-study-loneliness-increases-risk-of-developing-dementia.html,06-11-2024 06:00,recent largescale study found loneliness may significantly increase one risk developing dementia study published nature mental health reveals individual reported feeling lonely percent likely develop dement
Unlocking Retail Benefits; Time To Take Off The Training Wheels,Here’s today’s AdExchanger.com news round-up… Want it by email? Sign up here. Plus Or Minus All the retailer “pluses” – programs like Walmart+ that aim to replicate what Amazon has done with Prime – need reasons for people to join and renew those memberships.…,AdExchanger,http://www.adexchanger.com/daily-news-roundup/wednesday-06112024/,06-11-2024 05:03,here today adexchangercom news roundup want email sign plus minus retailer plus program like walmart aim replicate amazon done prime need reason people join renew membership
Researchers: Meta struggles to curb hate speech before US vote,"Some Facebook posts using hate speech are not being removed promptly ahead of the US vote, researchers say. Read full story",The Star Online,https://www.thestar.com.my/tech/tech-news/2024/11/06/researchers-meta-struggles-to-curb-hate-speech-before-us-vote,06-11-2024 04:30,facebook post using hate speech removed promptly ahead u vote researcher say read full story
