Title,Description,Publisher,Link,Published Time,processed_text
Amazon - 3 Pack Rose Hyaluronic Acid Serum with Rose Damask Flower Water $4.99,"Save 50% on this 3 Pack Rose Hyaluronic Acid Serum with Rose Damask Flower Water today at Amazon after promo code. Score it for $4.99 after discount. Use Amazon Prime to qualify for free shipping, otherwise shipping is free with $25.<br /><br /><strong>More W…",Dealcatcher.com,https://www.dealcatcher.com/deals/health-beauty/makeup-skincare/pack-rose-hyaluronic-acid-serum-with-rose-damask-flower-water-998321536,06-11-2024 15:01,save pack rose hyaluronic acid serum rose damask flower water today amazon promo code score discount use amazon prime qualify free shipping otherwise shipping free br br strongmore w
Review – Birds of Prey #15: Deep Cover,"Cassandra Cain has found her target - but she may have found more trouble than she can handle. 
Click through to read all of ""Review – Birds of Prey #15: Deep Cover"" at GeekDad.If you value content from GeekDad, please support us via Patreon or use this link …",Geekdad.com,https://geekdad.com/2024/11/review-birds-of-prey-15-deep-cover/,06-11-2024 15:00,cassandra cain found target may found trouble handle click read review bird prey deep cover geekdadif value content geekdad please support u via patreon use link
32 Games And Toys Grandparents Swear By For When Their Grandkids Visit,Fun and laughter guaranteed.View Entire Post ›,Buzzfeed,https://www.buzzfeed.com/taylor_steele/games-and-toys-grandparents-swear-by-for-when-their,06-11-2024 15:00,fun laughter guaranteedview entire post
How To Get the Most out of Claude AI,"Want to work smarter, not harder? Add Claude AI to your toolkit and let it do the heavy lifting for your business, from data analysis to content creation.
The post How To Get the Most out of Claude AI appeared first on DreamHost Blog.",Dreamhost.com,https://www.dreamhost.com/blog/claude-ai/,06-11-2024 15:00,want work smarter harder add claude ai toolkit let heavy lifting business data analysis content creation post get claude ai appeared first dreamhost blog
The Best Products for Channeling Your Inner Martha,"Martha Stewart-inspired home decor and items to buy, from oyster platters to beeswax candles to champagne coups.",Eater,https://www.eater.com/24279613/products-to-channel-martha-stewart,06-11-2024 15:00,martha stewartinspired home decor item buy oyster platter beeswax candle champagne coup
The Verge’s guide to Black Friday 2024,"Black Friday and Cyber Monday are nearly here. Luckily, we’ve assembled a collection of the best deals and money-saving tips so you can make the most of both sale events.",The Verge,https://www.theverge.com/24288220/black-friday-best-deals-guide-cyber-monday-tech-gadgets-2024,06-11-2024 15:00,black friday cyber monday nearly luckily weve assembled collection best deal moneysaving tip make sale event
"If Netflix Gives Greta Gerwig’s ‘Narnia’ an Exclusive IMAX Release, It Risks Annoying Everyone Else",A report that Netflix is in talks to release Greta Gerwig's 'Narnia' film exclusively in IMAX theaters comes with some big risks involved.,IndieWire,https://www.indiewire.com/news/business/greta-gerwig-narnia-netflix-imax-release-analysis-1235060915/,06-11-2024 15:00,report netflix talk release greta gerwigs narnia film exclusively imax theater come big risk involved
#144 – Damon Cook & Seth Rubenstein on the Transformational Interactivity API,"On the podcast today we have Damon Cook and Seth Rubenstein, and we're here to talk about the Interactivity API. We explore its benefits for building seamless interactive websites, how it enhances both the front-end user experience and backend editorial proce…",Wptavern.com,https://wptavern.com/podcast/144-damon-cook-seth-rubenstein-on-the-transformational-interactivity-api,06-11-2024 15:00,podcast today damon cook seth rubenstein talk interactivity api explore benefit building seamless interactive website enhances frontend user experience backend editorial proce
Amazon - AllStand 6 Tier Farmhouse Shoe Storage Cabinet W/Adjustable Shelf $104.99,Combine 2 discounts to save at Amazon! Get this AllStand 6 Tier Farmhouse Shoe Storage Cabinet W/Adjustable Shelf for $104.99 after clippable coupon and promo code. Free shipping.<br /><br /><strong>More Ways to Save at Amazon:</strong><ul><li>Don't already h…,Dealcatcher.com,https://www.dealcatcher.com/deals/household/furniture-decor/allstand-tier-farmhouse-shoe-storage-cabinet-shelf-998321534,06-11-2024 14:59,combine discount save amazon get allstand tier farmhouse shoe storage cabinet wadjustable shelf clippable coupon promo code free shippingbr br strongmore way save amazonstrongullidont already h
"Amazon - Sainlogic WiFi 8.3"" Large Display Wireless Weather Station $133","Amazon has this Sainlogic WiFi 8.3"" Large Display Wireless Weather Station on sale today for $133. Shipping is included.<br /><br /><strong>More Ways to Save at Amazon:</strong><ul><li>Don't already have Amazon Prime? <a rel=""nofollow"" href=""https://amzn.to/3…",Dealcatcher.com,https://www.dealcatcher.com/deals/household/tools/sainlogic-wifi-large-display-wireless-weather-station-998321533,06-11-2024 14:57,amazon sainlogic wifi large display wireless weather station sale today shipping includedbr br strongmore way save amazonstrongullidont already amazon prime relnofollow href
Amazon - Carbon Fiber Pickleball Paddle $13.99,"Combine this clippable coupon and Amazon promo code to save 50% on this Carbon Fiber Pickleball Paddle at checkout. Use Amazon Prime to qualify for free shipping, otherwise shipping is free with $25.<br /><br /><strong>More Ways to Save at Amazon:</strong><ul…",Dealcatcher.com,https://www.dealcatcher.com/deals/sporting-goods/sports/carbon-fiber-pickleball-paddle-998321532,06-11-2024 14:57,combine clippable coupon amazon promo code save carbon fiber pickleball paddle checkout use amazon prime qualify free shipping otherwise shipping free br br strongmore way save amazonstrongul
Trump Calls Elon Musk A ‘Super Genius’ In Victory Speech: Here’s Everything They’ve Said About Working Together,"Elon Musk, the world’s richest person, spent more than $100 million to get Trump reelected.",Forbes,https://www.forbes.com/sites/maryroeloffs/2024/11/06/trump-calls-elon-musk-a-super-genius-in-victory-speech-heres-everything-theyve-said-about-working-together/,06-11-2024 14:56,elon musk world richest person spent million get trump reelected
"12 Cozy New Christmas Movies On Netflix, Prime Video, Hallmark Channel, & More This Year","Holiday movies are one of the best ways to get into the spirit of the season and luckily, there are plenty of options to choose from. Whether you’re looking for a laugh-out-loud comedy or romance, we’ve got you covered. Pour yourself a mug of comforting hot c…",Brit + Co,https://www.brit.co/new-christmas-movies-2024/,06-11-2024 14:56,holiday movie one best way get spirit season luckily plenty option choose whether youre looking laughoutloud comedy romance weve got covered pour mug comforting hot c
Amazon - Ofeefan Cropped Hoodie (Many Color Choices) $14.99,Get this Ofeefan Cropped Hoodie (Many Color Choices) for $14.99 after instant discount with no coupon code. Spend $25 or more to qualify for free shipping or use your Amazon Prime account for free shipping.<br /><br /><strong>More Ways to Save at Amazon:</str…,Dealcatcher.com,https://www.dealcatcher.com/deals/clothing-accessories/womens/ofeefan-cropped-hoodie-color-998321530,06-11-2024 14:56,get ofeefan cropped hoodie many color choice instant discount coupon code spend qualify free shipping use amazon prime account free shippingbr br strongmore way save amazonstr
Lord of the Rings: The War Of The Rohirrim Anime Gets Funko Pops,"Hèra in The Lord of the Rings: The War of the Rohirrim
The highly anticipated The Lord of the Rings: The War of the Rohirrim is set to be the first anime film in the franchise, and the release date is just around the corner on December 13th. To get fans ready…",ComicBook.com,http://comicbook.com/gear/news/lord-of-the-rings-the-war-of-the-rohirrim-anime-gets-funko-pops/,06-11-2024 14:54,hra lord ring war rohirrim highly anticipated lord ring war rohirrim set first anime film franchise release date around corner december th get fan ready
Amazon - Ofeefan Loose Fit Pleated Tank Top (Many Color Choices) $8.99,Score this Ofeefan Loose Fit Pleated Tank Top (Many Color Choices) for $8.99 after you stack this Amazon coupon and the clippable coupon. Shipping is free with $25 or with Amazon Prime.<br /><br /><strong>More Ways to Save at Amazon:</strong><ul><li>Don't alr…,Dealcatcher.com,https://www.dealcatcher.com/deals/clothing-accessories/womens/ofeefan-loose-fit-pleated-tank-top-color-998321528,06-11-2024 14:54,score ofeefan loose fit pleated tank top many color choice stack amazon coupon clippable coupon shipping free amazon primebr br strongmore way save amazonstrongullidont alr
Amazon - 2 Piece Sweatsuit Outfit $19.99,Amazon has this  2 Piece Sweatsuit Outfit on sale for $19.99 after coupon. Apply code at checkout to save. Shipping is free with $25 or with Amazon Prime.<br /><br /><strong>More Ways to Save at Amazon:</strong><ul><li>Don't already have Amazon Prime? <a rel=…,Dealcatcher.com,https://www.dealcatcher.com/deals/clothing-accessories/womens/piece-sweatsuit-outfit-998321529,06-11-2024 14:54,amazon piece sweatsuit outfit sale coupon apply code checkout save shipping free amazon primebr br strongmore way save amazonstrongullidont already amazon prime rel
All Google Cloud users will have to enable MFA by 2025,"Google has announced that, by the end of 2025, multi-factor authentication (MFA) – aka 2-step verification – will become mandatory for all Google Cloud accounts. “Given the sensitive nature of cloud deployments — and with phishing and stolen credentials remai…",Help Net Security,https://www.helpnetsecurity.com/2024/11/06/google-cloud-mfa/,06-11-2024 14:52,google announced end multifactor authentication mfa aka step verification become mandatory google cloud account given sensitive nature cloud deployment phishing stolen credential remai
Amazon - Wiholl Long Sleeve Collared Polo Shirt In Many Colors $11.99,Get this Wiholl Long Sleeve Collared Polo Shirt In Many Colors for $11.99 after instant discount with no coupon code. Shipping is free with $25 or with Amazon Prime.<br /><br /><strong>More Ways to Save at Amazon:</strong><ul><li>Don't already have Amazon Pri…,Dealcatcher.com,https://www.dealcatcher.com/deals/clothing-accessories/womens/wiholl-long-sleeve-collared-polo-shirt-in-many-colors-998321525,06-11-2024 14:51,get wiholl long sleeve collared polo shirt many color instant discount coupon code shipping free amazon primebr br strongmore way save amazonstrongullidont already amazon pri
Amazon - Fleece Bomber Jacket $37.98,"Amazon has this  Fleece Bomber Jacket on sale for $37.98 after promo code. Apply code at checkout to save.<br /><br /><strong>More Ways to Save at Amazon:</strong><ul><li>Don't already have Amazon Prime? <a rel=""nofollow"" href=""https://amzn.to/3S9yS1w"" target…",Dealcatcher.com,https://www.dealcatcher.com/deals/clothing-accessories/outerwear/fleece-bomber-jacket-998321524,06-11-2024 14:50,amazon fleece bomber jacket sale promo code apply code checkout savebr br strongmore way save amazonstrongullidont already amazon prime relnofollow href target
Amazon - Ofeefan Short Sleeve V Neck Curved Hem Top In Many Colors $9.99,"Amazon has this Ofeefan Short Sleeve V Neck Curved Hem Top In Many Colors on sale for $9.99 after clippable coupon. Use Amazon Prime to qualify for free shipping, otherwise shipping is free with $25.<br /><br /><strong>More Ways to Save at Amazon:</strong><ul…",Dealcatcher.com,https://www.dealcatcher.com/deals/clothing-accessories/womens/ofeefan-short-sleeve-v-neck-curved-hem-top-in-many-colors-998321523,06-11-2024 14:49,amazon ofeefan short sleeve v neck curved hem top many color sale clippable coupon use amazon prime qualify free shipping otherwise shipping free br br strongmore way save amazonstrongul
Hisense is launching absurdly cheap new Xumo 4K TVs with Comcast and Target,4K TVs for just $249.99. That's not a typo,TechRadar,https://www.techradar.com/tech/hisense-is-launching-absurdly-cheap-new-xumo-4k-tvs-with-comcast-and-target,06-11-2024 14:48,k tv thats typo
"With Nearly 35% Off, This MacBook Pro M3 Is at a Record Low Price on Amazon Before Black Friday",$500 Off On A MacBook Pro M3 Is Unprecedented.,Gizmodo.com,https://gizmodo.com/with-nearly-35-off-this-macbook-pro-m3-is-at-a-record-low-price-on-amazon-before-black-friday-2000521082,06-11-2024 14:48,macbook pro unprecedented
M4 vs. M3 MacBook Pro comparison: What’s different?,"Wondering what improvements the M4 MacBook Pro family packs over their M3 predecessors? Find out in this comparison.
(via Cult of Mac - Apple news, rumors, reviews and how-tos)",Cult of Mac,https://www.cultofmac.com/buying-guides/m4-vs-m3-macbook-pro-comparison-whats-different,06-11-2024 14:48,wondering improvement macbook pro family pack predecessor find comparison via cult mac apple news rumor review howtos
"Amazon - 14"" Laptop $199","<p>Save big when you combine discounts! Score this 14"" Laptop for $199 after using this Amazon coupon. Shipping is included.</p><p>Specs:</p><ul><li>8GB RAM </li><li>128GB SSD </li><li>Quad-Core N5095 Processor</li></ul><br /><strong>More Ways to Save at Amaz…",Dealcatcher.com,https://www.dealcatcher.com/deals/computers-office/laptops/laptop-998321521,06-11-2024 14:46,psave big combine discount score laptop using amazon coupon shipping includedppspecspulligb ram liligb ssd liliquadcore n processorliulbr strongmore way save amaz
Amazon - Rihero Comfortable Walking Shoes $24.99,Stackable Discounts Alert! Clip the coupon and use Amazon promo code to get this Rihero Comfortable Walking Shoes for $24.99 after both discounts! Spend $25 or more to qualify for free shipping or use your Amazon Prime account for free shipping.<br /><br /><s…,Dealcatcher.com,https://www.dealcatcher.com/deals/clothing-accessories/shoes/rihero-comfortable-walking-shoes-998321519,06-11-2024 14:46,stackable discount alert clip coupon use amazon promo code get rihero comfortable walking shoe discount spend qualify free shipping use amazon prime account free shippingbr br
"Grace & Stella Nourishing Berry Lip Mask only $6.96 shipped, plus more!",These Grace & Stella beauty items would make great gifts! Amazon has this Grace & Stella Award Winning Lip Plumper Nourishing Berry Lip Mask for just $6.96 shipped when you clip the 20% off e-coupon and check out through Subscribe & Save! Or get this Grace & …,Moneysavingmom.com,https://moneysavingmom.com/grace-amp-stella-nourishing-berry-lip-mask-deal/,06-11-2024 14:46,grace stella beauty item would make great gift amazon grace stella award winning lip plumper nourishing berry lip mask shipped clip ecoupon check subscribe save get grace
Amazon - TranquilBliss 8oz. Lavender Soy Candle W/45H Burn Time $4.49,Score this TranquilBliss 8oz. Lavender Soy Candle W/45H Burn Time for $4.49 after you stack this Amazon promo code and the clippable coupon. Spend $25 or more to qualify for free shipping or use your Amazon Prime account for free shipping.<br /><br /><strong>…,Dealcatcher.com,https://www.dealcatcher.com/deals/occasions/flowers-gifts/tranquilbliss-lavender-soy-candle-burn-time-998321518,06-11-2024 14:43,score tranquilbliss oz lavender soy candle wh burn time stack amazon promo code clippable coupon spend qualify free shipping use amazon prime account free shippingbr br strong
Amazon - Gold Floor Lamp with Remote Control $34.99,"Get this Gold Floor Lamp with Remote Control for $34.99 after Amazon coupon. Enter code at checkout to save.<br /><br /><strong>More Ways to Save at Amazon:</strong><ul><li>Don't already have Amazon Prime? <a rel=""nofollow"" href=""https://amzn.to/3S9yS1w"" targ…",Dealcatcher.com,https://www.dealcatcher.com/deals/household/tools/gold-floor-lamp-with-remote-control-998321516,06-11-2024 14:42,get gold floor lamp remote control amazon coupon enter code checkout savebr br strongmore way save amazonstrongullidont already amazon prime relnofollow href targ
"Samsung's Giant 98-Inch TV Is $1,000 Off For New Low Price Plus Score A Free TV","Now that we're a week into November, it won't be long before retailers start promoting Black Friday and Cyber Monday discounts. Heck, to some extent, it's already starting to happen. Earlier this week, we rounded up several great MacBook Air and Beats deals w…",Hot Hardware,https://hothardware.com/news/samsung-98-inch-tv-1000-off-new-low-price-score-free-tv,06-11-2024 14:42,week november wont long retailer start promoting black friday cyber monday discount heck extent already starting happen earlier week rounded several great macbook air beat deal w
Amazon - 15 Pack of TranquilBliss Lavender Shower Steamers $6.99,Save 53% on this 15 Pack of TranquilBliss Lavender Shower Steamers today at Amazon. Spend $25 or more to qualify for free shipping or use your Amazon Prime account for free shipping.<br /><br /><strong>More Ways to Save at Amazon:</strong><ul><li>Don't alread…,Dealcatcher.com,https://www.dealcatcher.com/deals/household/bed-bath/pack-of-tranquilbliss-lavender-shower-steamers-998321515,06-11-2024 14:41,save pack tranquilbliss lavender shower steamer today amazon spend qualify free shipping use amazon prime account free shippingbr br strongmore way save amazonstrongullidont alread
Amazon - FINAL FANTASY I-VI Collection Anniversary Edition - 2024 (PS4) $67.18,"Amazon has this FINAL FANTASY I-VI Collection Anniversary Edition - 2024 (PS4) on sale today for $67.18. Plus, shipping is free.<br /><br /><strong>More Ways to Save at Amazon:</strong><ul><li>Don't already have Amazon Prime? <a rel=""nofollow"" href=""https://a…",Dealcatcher.com,https://www.dealcatcher.com/deals/games-entertainment/video-games/final-fantasy-i-vi-collection-anniversary-edition---998321514,06-11-2024 14:40,amazon final fantasy ivi collection anniversary edition p sale today plus shipping freebr br strongmore way save amazonstrongullidont already amazon prime relnofollow href
Amazon - Small Portable Washing Machine $24.99,Get this Small Portable Washing Machine for $24.99 after Amazon promo code. Enter code at checkout to save. Spend $25 or more to qualify for free shipping or use your Amazon Prime account for free shipping.<br /><br /><strong>More Ways to Save at Amazon:</str…,Dealcatcher.com,https://www.dealcatcher.com/deals/household/kitchen-appliances/small-portable-washing-machine-998321513,06-11-2024 14:39,get small portable washing machine amazon promo code enter code checkout save spend qualify free shipping use amazon prime account free shippingbr br strongmore way save amazonstr
12-Pack 12-Oz C4 Energy Drink (Frozen Bombsicle) $11.66 w/ S&S + Free Shipping w/ Prime or on $35+ (0 replies),Amazon [amazon.com] has 12-Pack 12-Oz C4 Energy Drink (Frozen Bombsicle) on sale for $17.94 - 5% off when you checkout via subscribe &amp; save - 30% off when you clip the coupon on the product pa,Slickdeals.net,https://slickdeals.net/f/17868222-12-pack-12-oz-c4-energy-drink-frozen-bombsicle-11-66-w-s-s-free-shipping-w-prime-or-on-35,06-11-2024 14:39,amazon amazoncom pack oz c energy drink frozen bombsicle sale checkout via subscribe amp save clip coupon product pa
12-Pack 12-Oz C4 Energy Drink (Frozen Bombsicle) $11.66 w/ S&S + Free Shipping w/ Prime or on $35+,Amazon [amazon.com] has *12-Pack 12-Oz C4 Energy Drink* (Frozen Bombsicle) on sale for $17.94 - 5% off when you checkout via subscribe & save - *30% off when you clip the coupon *on the product page...,Slickdeals.net,https://slickdeals.net/f/17868222-12-pack-12-oz-c4-energy-drink-frozen-bombsicle-11-66-w-s-s-free-shipping-w-prime-or-on-35?utm_source=rss&utm_content=ht&utm_medium=RSS2,06-11-2024 14:39,amazon amazoncom pack oz c energy drink frozen bombsicle sale checkout via subscribe save clip coupon product page
Amazon - 3 Pack of TranquilBliss Oversized Christmas Gift Bags $4.99,Combine this clippable coupon and Amazon promo code to save 61% on this 3 Pack of TranquilBliss Oversized Christmas Gift Bags at checkout. Spend $25 or more to qualify for free shipping or use your Amazon Prime account for free shipping.<br /><br /><strong>Mo…,Dealcatcher.com,https://www.dealcatcher.com/deals/occasions/christmas/pack-of-tranquilbliss-oversized-christmas-gift-bags-998321512,06-11-2024 14:38,combine clippable coupon amazon promo code save pack tranquilbliss oversized christmas gift bag checkout spend qualify free shipping use amazon prime account free shippingbr br strongmo
"Trump 2.0 will have a massive impact on Big Tech, AI, chips and more—in Silicon Valley and beyond","Predicting Trump remains difficult as ever, but there are clues to what the President-elect might do.",Fortune,https://fortune.com/2024/11/06/trump-2-0-will-have-a-massive-impact-on-big-tech-ai-chips-and-more-in-silicon-valley-and-beyond/,06-11-2024 14:38,predicting trump remains difficult ever clue presidentelect might
Disco Sports closing western Henrico store after 54 years in business,"After facing pressure from mega-retailers and manufacturers going straight to customers, Disco Sports will operate only as a specialty uniform maker.",Richmond.com,https://richmond.com/news/local/business/disco-sports-closing-store/article_f9f4edca-9b80-11ef-92e0-0fbb2369b76e.html,06-11-2024 14:38,facing pressure megaretailers manufacturer going straight customer disco sport operate specialty uniform maker
Soccer star Ali Krieger shares her workout and wellness essentials,"From the way she's rehabbing her hair after years of wearing it in tight buns to the ""striking"" sneakers she dresses up and down.",Page Six,https://pagesix.com/2024/11/06/style/ali-krieger-shares-her-favorite-fashion-and-beauty-products/,06-11-2024 14:36,way shes rehabbing hair year wearing tight bun striking sneaker dress
"Apple Watch Loops (Various): Braided Solo $30, Solo $20 + Free Shipping w/ Amazon Prime","Apple Braided and Standard Loop 29 & 19 use code Applebands for 15% more off. - *code requires minimum $39 purchase to use* 
 
https://electronics.woot.com/plus..._dly_image",Slickdeals.net,https://slickdeals.net/f/17868213-apple-watch-loops-various-braided-solo-30-solo-20-free-shipping-w-amazon-prime?utm_source=rss&utm_content=ht&utm_medium=RSS2,06-11-2024 14:35,apple braided standard loop use code applebands code requires minimum purchase use
Amazon - Portable Slim PD Power Bank $11.49,Combine this clippable coupon and Amazon coupon code to save 50% on this Portable Slim PD Power Bank at checkout. Shipping is free with $25 or with Amazon Prime.<br /><br /><strong>More Ways to Save at Amazon:</strong><ul><li>Don't already have Amazon Prime? …,Dealcatcher.com,https://www.dealcatcher.com/deals/electronics/phones-cellular/portable-slim-pd-power-bank-998321510,06-11-2024 14:35,combine clippable coupon amazon coupon code save portable slim pd power bank checkout shipping free amazon primebr br strongmore way save amazonstrongullidont already amazon prime
The Best Early Black Friday Apple Watch Deals,"Black Friday is just around the corner, and Apple Watch deals have begun appearing ahead of the shopping holiday on November 29. In this article, we'll take a look at all of the best early Black Friday Apple Watch deals, including the new Series 10 models.


…",MacRumors,https://www.macrumors.com/2024/11/06/best-black-friday-apple-watch-deals-2024/,06-11-2024 14:33,black friday around corner apple watch deal begun appearing ahead shopping holiday november article well take look best early black friday apple watch deal including new series model
"Tesla Stock To $1,000?","With Trump in office, even more creative policies and support structures that could directly or indirectly benefit Tesla may be on the table.",Forbes,https://www.forbes.com/sites/greatspeculations/2024/11/06/tesla-stock-1000/,06-11-2024 14:32,trump office even creative policy support structure could directly indirectly benefit tesla may table
"Rare all-time low price now live on Silent Hill 2 remake for PS5, Final Fantasy I-VI Collection, more",Woot has now updated its ongoing console game sale with the best deal we have tracked yet on Silent Hill 2 for PS5. The regularly $70 title has now dropped down to $59.99 with free shipping for Prime members (a $6 delivery fee will apply otherwise). Still up …,9to5Toys,http://9to5toys.com/2024/11/06/all-time-low-price-silent-hill-2-remake/,06-11-2024 14:31,woot updated ongoing console game sale best deal tracked yet silent hill p regularly title dropped free shipping prime member delivery fee apply otherwise still
Lamkin Golf Deep-Etched Paddle Putter Grip $9.99 + Free Shipping w/ Prime or on $35+ (0 replies),Amazon [amazon.com] has Lamkin Golf Deep-Etched Paddle Putter Grip for $9.99. Shipping is free w/ Prime or on $35+.,Slickdeals.net,https://slickdeals.net/f/17868210-lamkin-golf-deep-etched-paddle-putter-grip-9-99-free-shipping-w-prime-or-on-35,06-11-2024 14:31,amazon amazoncom lamkin golf deepetched paddle putter grip shipping free w prime
Amazon - PlaySheek 6 In 1 Stem Solar Robot Toy For Kids $13.19,Clip the Amazon coupon to score this PlaySheek 6 In 1 Stem Solar Robot Toy For Kids for $13.19. Clippable coupons may only appear after you log in to your Amazon account. Spend $25 or more to qualify for free shipping or use your Amazon Prime account for free…,Dealcatcher.com,https://www.dealcatcher.com/deals/games-entertainment/toys-hobbies/playsheek-in-stem-solar-robot-toy-for-kids-998321506,06-11-2024 14:31,clip amazon coupon score playsheek stem solar robot toy kid clippable coupon may appear log amazon account spend qualify free shipping use amazon prime account free
Amazon - Fast Wireless Charging Station with Sleep-Friendly Adaptive Light $8.65,"Stackable Discounts Alert! Clip the coupon and use Amazon promo code to get this Fast Wireless Charging Station with Sleep-Friendly Adaptive Light for $8.65 after both discounts! Use Amazon Prime to qualify for free shipping, otherwise shipping is free with $…",Dealcatcher.com,https://www.dealcatcher.com/deals/electronics/phones-cellular/fast-wireless-charging-station-with-sleep-friendly-adaptive-light-998321507,06-11-2024 14:31,stackable discount alert clip coupon use amazon promo code get fast wireless charging station sleepfriendly adaptive light discount use amazon prime qualify free shipping otherwise shipping free
Music communities startup Levellr raises $1.75m funding round,"Superfan-focused music-marketing startup Levellr has raised a new strategic funding round of $1.75m, appointing a new chairman in the process. The funding came from various music, games and media industry […]
The post is from Music Ally.",Music Ally,http://musically.com/2024/11/06/music-communities-startup-levellr-raises-1-75m-funding-round/,06-11-2024 14:30,superfanfocused musicmarketing startup levellr raised new strategic funding round appointing new chairman process funding came various music game medium industry post music ally
AMD Ryzen 7 9800X3D Review: An Ideal CPU For PC Gamers,"AMD Ryzen 7 9800X3D: $479 MSRP The new AMD Ryzen 7 9800X3D pairs Zen 5 with 2nd Generation 3D V-Cache to boost gaming perfomance, increase clocks, and enable more robust overclocking capabilities.   Great Gaming Performance Power Efficient Easy To Cool No Sac…",Hot Hardware,https://hothardware.com/reviews/amd-ryzen-7-9800x3d-processor-review,06-11-2024 14:30,amd ryzen xd msrp new amd ryzen xd pair zen nd generation vcache boost gaming perfomance increase clock enable robust overclocking capability great gaming performance power efficient easy cool sac
"Fresh Step: 14-lbs Clumping Cat Litter w/ Febreze (Grain) $4.42, 32-lbs Outstretch Advanced Cat Litter w/ Febreze $14.53 & More w/ S&S + Free Shipping w/ Prime or on $35+",Amazon [amazon.com] has *Select Fresh Step Cat Litter* on sale as listed below when you *clip the 50% off coupon* on the product page and checkout via Subscribe & Save. Shipping is free w/ Prime or...,Slickdeals.net,https://slickdeals.net/f/17868201-fresh-step-14-lbs-clumping-cat-litter-w-febreze-grain-4-42-32-lbs-outstretch-advanced-cat-litter-w-febreze-14-53-more-w-s-s-free-shipping-w-prime-or-on-35?utm_source=rss&utm_content=ht&utm_medium=RSS2,06-11-2024 14:29,amazon amazoncom select fresh step cat litter sale listed clip coupon product page checkout via subscribe save shipping free w prime
"Fresh Step: 14-lbs Clumping Cat Litter w/ Febreze (Gain) $4.42, 32-lbs Outstretch Advanced Cat Litter w/ Febreze $14.53 & More w/ S&S + Free Shipping w/ Prime or on $35+",Amazon [amazon.com] has *Select Fresh Step Cat Litter* on sale as listed below when you *clip the 50% off coupon* on the product page and checkout via Subscribe & Save. Shipping is free w/ Prime or...,Slickdeals.net,https://slickdeals.net/f/17868201-fresh-step-14-lbs-clumping-cat-litter-w-febreze-gain-4-42-32-lbs-outstretch-advanced-cat-litter-w-febreze-14-53-more-w-s-s-free-shipping-w-prime-or-on-35?utm_source=rss&utm_content=ht&utm_medium=RSS2,06-11-2024 14:29,amazon amazoncom select fresh step cat litter sale listed clip coupon product page checkout via subscribe save shipping free w prime
"To Transform Our Trauma, We Must Nurture Movements for Change","“PTSD, in many ways, works like a time machine,” says healing justice practitioner Chiara Galimberti.",Truthout,https://truthout.org/audio/to-transform-our-trauma-we-must-nurture-movements-for-change/,06-11-2024 14:29,ptsd many way work like time machine say healing justice practitioner chiara galimberti
Amazon - Portable Charger for Apple Watch $9.99,"Save 61% and get this Portable Charger for Apple Watch at Amazon for $9.99 after promo code. Use Amazon Prime to qualify for free shipping, otherwise shipping is free with $25.<br /><br /><strong>More Ways to Save at Amazon:</strong><ul><li>Don't already have…",Dealcatcher.com,https://www.dealcatcher.com/deals/electronics/wearable-technology/portable-charger-for-apple-watch-998321503,06-11-2024 14:28,save get portable charger apple watch amazon promo code use amazon prime qualify free shipping otherwise shipping free br br strongmore way save amazonstrongullidont already
Amazon - Type C Fast Car Phone Charger with 2 USB Ports & Retractable Cables $22.99,Score this Type C Fast Car Phone Charger with 2 USB Ports & Retractable Cables for $22.99 after you stack this Amazon coupon and the clippable coupon. Shipping is free with $25 or with Amazon Prime.<br /><br /><strong>More Ways to Save at Amazon:</strong><ul>…,Dealcatcher.com,https://www.dealcatcher.com/deals/household/automotive/type-c-fast-car-phone-charger-with-usb-ports-retractable-cables-998321500,06-11-2024 14:25,score type c fast car phone charger usb port retractable cable stack amazon coupon clippable coupon shipping free amazon primebr br strongmore way save amazonstrongul
Why the new Kindle Paperwhite is my favorite E Ink reader yet (and I've tested tablets for 12 years),"Amazon just launched the 12th-generation Kindle Paperwhite Signature Edition, with up to three months of battery life and the fastest page turns ever.",ZDNet,https://www.zdnet.com/article/why-the-new-kindle-paperwhite-is-my-favorite-e-ink-reader-yet-and-ive-tested-tablets-for-12-years/,06-11-2024 14:25,amazon launched thgeneration kindle paperwhite signature edition three month battery life fastest page turn ever
7 Dupes Of Taylor Swift's Dior Saddle Bag As Low As $26,A roundup of dupes of Taylor Swift's go-to Dior saddle bag that she wore to Travis Kelce's Kansas City Chiefs game on Nov. 4 and out in NYC in October.,Elite Daily,https://www.elitedaily.com/fashion/taylor-swift-dior-saddle-bag-dupes,06-11-2024 14:24,roundup dupe taylor swift goto dior saddle bag wore travis kelces kansa city chief game nov nyc october
Amazon - 3 Pack of 3 Port USB Type A & USB Type C Charging Blocks $16.49,"Amazon has this  3 Pack of 3 Port USB Type A & USB Type C Charging Blocks on sale for $16.49 after coupon code. Apply code at checkout to save. Use Amazon Prime to qualify for free shipping, otherwise shipping is free with $25.<br /><br /><strong>More Ways to…",Dealcatcher.com,https://www.dealcatcher.com/deals/electronics/phones-cellular/pack-of-port-usb-type-a-usb-type-c-charging-blocks-998321499,06-11-2024 14:24,amazon pack port usb type usb type c charging block sale coupon code apply code checkout save use amazon prime qualify free shipping otherwise shipping free br br strongmore way
Sony 65-Inch Bravia 9 QLED TV (K-65XR90),"A bright, feature-packed QLED TV
Sony’s Bravia 9 is a beautiful flagship QLED TV with a panel that rivals comparable Hisense and TCL models in brightness, and a sleek design that includes its own spatial audio sound system with height channels. It’s a fantast…",PCMag.com,https://me.pcmag.com/en/tvs/26747/sony-65-inch-bravia-9-qled-tv-k-65xr90,06-11-2024 14:23,bright featurepacked qled tv sonys bravia beautiful flagship qled tv panel rival comparable hisense tcl model brightness sleek design includes spatial audio sound system height channel fantast
Sony 65-Inch Bravia 9 QLED TV (K-65XR90),"A bright, feature-packed QLED TV
Sony’s Bravia 9 is a beautiful flagship QLED TV with a panel that rivals comparable Hisense and TCL models in brightness, and a sleek design that includes its own spatial audio sound system with height channels. It’s a fantast…",PCMag.com,https://uk.pcmag.com/tvs/155203/sony-65-inch-bravia-9-qled-tv-k-65xr90,06-11-2024 14:23,bright featurepacked qled tv sonys bravia beautiful flagship qled tv panel rival comparable hisense tcl model brightness sleek design includes spatial audio sound system height channel fantast
"The Kindle Colorsoft faces shipping delays, but don’t be put off by its yellow screen issue","A fix is coming, but we don't think it's a major issue",TechRadar,https://www.techradar.com/tablets/ereaders/the-kindle-colorsoft-faces-shipping-delays-but-dont-be-put-off-by-its-yellow-screen-issue,06-11-2024 14:23,fix coming dont think major issue
Amazon - EZshoot Two Point Sling with Swivels $6.99,"Use Amazon coupon code to save 50% on this EZshoot Two Point Sling with Swivels. Shipping is free with $25 or with Amazon Prime.<br /><br /><strong>More Ways to Save at Amazon:</strong><ul><li>Don't already have Amazon Prime? <a rel=""nofollow"" href=""https://a…",Dealcatcher.com,https://www.dealcatcher.com/deals/sporting-goods/outdoors/ezshoot-two-point-sling-with-swivels-998321495,06-11-2024 14:22,use amazon coupon code save ezshoot two point sling swivel shipping free amazon primebr br strongmore way save amazonstrongullidont already amazon prime relnofollow href
Amazon - 2 Pack of 4 Port USB Type A & USB Type C Charger Blocks $10.99,Save 50% on this 2 Pack of 4 Port USB Type A & USB Type C Charger Blocks today at Amazon after promo code. Score it for $10.99 after discount. Spend $25 or more to qualify for free shipping or use your Amazon Prime account for free shipping.<br /><br /><stron…,Dealcatcher.com,https://www.dealcatcher.com/deals/electronics/phones-cellular/pack-of-port-usb-type-a-usb-type-c-charger-blocks-998321494,06-11-2024 14:22,save pack port usb type usb type c charger block today amazon promo code score discount spend qualify free shipping use amazon prime account free shippingbr br stron
Watch Out Fujifilm: Ricoh GRIV Coming First Quarter 2025 and Monochrome Version to Follow Later On,"According to a source (thanks!!!), the popular Ricoh GRIII will get a successor pretty soon. In fact, I have been told that the Ricoh GR IV (not to mistake with the Ricoh GR Digital IV) is set to be announced in the first quarter of 2025. And possibly even mo…",Fujirumors.com,https://www.fujirumors.com/watch-out-fujifilm-ricoh-griv-coming-first-quarter-2025-and-monochrome-version-to-follow-later-on/,06-11-2024 14:20,according source thanks popular ricoh griii get successor pretty soon fact told ricoh gr iv mistake ricoh gr digital iv set announced first quarter possibly even mo
'Better than Apple' wireless earbuds have 85% off in early Black Friday Amazon deal,"You can now buy the bestselling Xinwld Wireless Earbuds for 85% off. From price and discount to customer reviews, find out everything you need to know here.",LADbible,https://www.ladbible.com/news/technology/xinwld-wireless-earbuds-discount-amazon-black-friday-sale-909897-20241106,06-11-2024 14:20,buy bestselling xinwld wireless earbuds price discount customer review find everything need know
Stock futures surge on president-elect Donald Trump’s sweeping victory,"Stock futures surged as the 45th U.S. President Donald Trump and running mate J.D. Vance won a decisive victory over Kamala Harris…
The post Stock futures surge on president-elect Donald Trump’s sweeping victory appeared first on MacDailyNews.",Macdailynews.com,https://macdailynews.com/2024/11/06/stock-futures-surge-on-president-elect-donald-trumps-sweeping-victory/,06-11-2024 14:19,stock future surged th u president donald trump running mate jd vance decisive victory kamala harris post stock future surge presidentelect donald trump sweeping victory appeared first macdailynews
Amazon - Small Crossbody Bag $9.59,Amazon has this Small Crossbody Bag on sale for $9.59 after clipping the coupon. Be sure to log in to your Amazon account if you don’t see the coupon. Spend $25 or more to qualify for free shipping or use your Amazon Prime account for free shipping.<br /><br …,Dealcatcher.com,https://www.dealcatcher.com/deals/clothing-accessories/bags-luggage/small-crossbody-bag-998321490,06-11-2024 14:19,amazon small crossbody bag sale clipping coupon sure log amazon account dont see coupon spend qualify free shipping use amazon prime account free shippingbr br
Macy's - Women's Short-Sleeve Henley Sleepshirt $12.99,Macy's has this Women's Short-Sleeve Henley Sleepshirt on sale for 65% off. Get it today for $12.99.,Dealcatcher.com,https://www.dealcatcher.com/deals/clothing-accessories/womens/short-sleeve-henley-sleepshirt-998321486,06-11-2024 14:16,macys woman shortsleeve henley sleepshirt sale get today
Amazon - Marsail Upholstered Platform Bed Frame $128.10,"Save on this Marsail Upholstered Platform Bed Frame when you clip the Amazon coupon prior to checkout. Plus, shipping is free.<br /><br /><strong>More Ways to Save at Amazon:</strong><ul><li>Don't already have Amazon Prime? <a rel=""nofollow"" href=""https://amz…",Dealcatcher.com,https://www.dealcatcher.com/deals/household/bed-bath/marsail-upholstered-platform-bed-frame-998321485,06-11-2024 14:16,save marsail upholstered platform bed frame clip amazon coupon prior checkout plus shipping freebr br strongmore way save amazonstrongullidont already amazon prime relnofollow href
Gas-gone: Soros-backed L.A. District Attorney Gascon Loses in Landslide,"Voters in Los Angeles County tossed District Attorney George Gascón out of office on Election Day, picking challenger Nathan Hochman by the staggering margin of 61.5% to 38.5%.
The post Gas-gone: Soros-backed L.A. District Attorney Gascón Loses in Landslide a…",Breitbart News,https://www.breitbart.com/law-and-order/2024/11/06/gas-gone-soros-backed-l-a-district-attorney-gascon-loses-in-landslide/,06-11-2024 14:16,voter los angeles county tossed district attorney george gascn office election day picking challenger nathan hochman staggering margin post gasgone sorosbacked la district attorney gascn loses landslide
Why the AI-ification of workplaces may move slower than we think,"For the last 1.5 years since ChatGPT launched, workers and business leaders have been singing two different tunes about the advent of generative artificial intelligence. From the C-suites, there is excitement and optimism about cost savings and improved produ…",Drata.com,https://drata.com/blog/why-the-ai-ification-of-workplaces-may-move-slower-than-we-think,06-11-2024 14:15,last year since chatgpt launched worker business leader singing two different tune advent generative artificial intelligence csuites excitement optimism cost saving improved produ
Amazon launch massive Viltrox E-mount lense sale: 15% off 135mm LAB and 28mm Pancake,"Viltrox has just launched a massive pre Black Friday sale this week, axing 15% off some of its most popular products. In fact, Viltrox is slashing 15% off most of its lens range - including the brand's latest 135mm LAB and 28mm Pancake lenses. So, if you're l…",imaging resource,https://www.imaging-resource.com/news/2024/11/06/amazon-launch-massive-viltrox-e-mount-lense-sale-15-off-135mm-lab-and-28mm,06-11-2024 14:15,viltrox launched massive pre black friday sale week axing popular product fact viltrox slashing lens range including brand latest mm lab mm pancake lens youre l
Shirt.Woot! Graphic T-Shirts for the Family (various designs) $6 + Free S/H,"shirt.woot.com [woot.com] has *Select Men's, Women's, or Kids' Graphic T-Shirts* for *$5.99 *(discount auto-applied at checkout). Shipping is free w/ Amazon Prime, otherwise shipping is $6",Slickdeals.net,https://slickdeals.net/f/17867472-shirt-woot-graphic-t-shirts-for-the-family-various-designs-6-free-s-h?utm_source=rss&utm_content=fp&utm_medium=RSS2,06-11-2024 14:14,shirtwootcom wootcom select men woman kid graphic tshirts discount autoapplied checkout shipping free w amazon prime otherwise shipping
"11.25"" Fiskars Composite Cultivator $2.99 + Free Shipping w/ Prime or on $35+ (0 replies)",Amazon [amazon.com] has 11.25&quot; Fiskars Composite Cultivator for $2.99. Shipping is free w/ Prime or on $35+,Slickdeals.net,https://slickdeals.net/f/17868171-11-25-fiskars-composite-cultivator-2-99-free-shipping-w-prime-or-on-35,06-11-2024 14:13,amazon amazoncom quot fiskars composite cultivator shipping free w prime
Proozy - Canada Weather Gear Men's Blizzard Fleece Pullover $12.99,"This Canada Weather Gear Men's Blizzard Fleece Pullover normally retails for $50.   But with the Proozy promo code you can get it for $12.99! That’s 74% off. Plus, free shipping.",Dealcatcher.com,https://www.dealcatcher.com/deals/clothing-accessories/outerwear/canada-weather-gear-blizzard-fleece-pullover-998321479,06-11-2024 14:12,canada weather gear men blizzard fleece pullover normally retail proozy promo code get thats plus free shipping
Amazon - EZshoot Bore Sight Kit $12.20,"Get this EZshoot Bore Sight Kit for $12.20 after Amazon coupon. Enter code at checkout to save. Use Amazon Prime to qualify for free shipping, otherwise shipping is free with $25.<br /><br /><strong>More Ways to Save at Amazon:</strong><ul><li>Don't already h…",Dealcatcher.com,https://www.dealcatcher.com/deals/sporting-goods/outdoors/ezshoot-bore-sight-kit-998321480,06-11-2024 14:12,get ezshoot bore sight kit amazon coupon enter code checkout save use amazon prime qualify free shipping otherwise shipping free br br strongmore way save amazonstrongullidont already h
Amazon - CVLife Tripod for Hunting w/Height Adjustment $16.50,Save 49% and get this CVLife Tripod for Hunting w/Height Adjustment at Amazon for $16.50 after coupon code. Shipping is free with $25 or with Amazon Prime.<br /><br /><strong>More Ways to Save at Amazon:</strong><ul><li>Don't already have Amazon Prime? <a rel…,Dealcatcher.com,https://www.dealcatcher.com/deals/sporting-goods/outdoors/cvlife-tripod-for-hunting-adjustment-998321477,06-11-2024 14:09,save get cvlife tripod hunting wheight adjustment amazon coupon code shipping free amazon primebr br strongmore way save amazonstrongullidont already amazon prime rel
Proozy - Eddie Bauer Women's Raglan Sweatshirt $12,This Eddie Bauer Women's Raglan Sweatshirt normally retails for $40.  But with the Proozy promo code you can get it for $12 plus FREE SHIPPING!!,Dealcatcher.com,https://www.dealcatcher.com/deals/clothing-accessories/womens/eddie-bauer-raglan-sweatshirt-998321476,06-11-2024 14:09,eddie bauer woman raglan sweatshirt normally retail proozy promo code get plus free shipping
Samsung’s incredible 990 Pro SSD is a no-brainer when it’s 40% off,"If you want to upgrade your PC with a super-speedy, high-performance internal SSD, then you need to get one of these Samsung 990 Pros, which has dropped down to just $148.79 on Amazon. That’s a stunning 40 percent discount off its original $250 price.




Wh…",PCWorld,https://www.pcworld.com/article/2511871/samsung-990-pro-ssd-is-a-no-brainer-when-its-40-percent-off.html,06-11-2024 14:08,want upgrade pc superspeedy highperformance internal ssd need get one samsung pro dropped amazon thats stunning percent discount original price wh
"After 12 years testing Kindles, I think the new Kindle Paperwhite is the best e-reader yet","Amazon just launched the 12th-generation Kindle Paperwhite Signature Edition, with up to three months of battery life and the fastest page turns ever.",ZDNet,https://www.zdnet.com/article/after-12-years-testing-kindles-i-think-the-new-kindle-paperwhite-is-the-best-e-reader-yet/,06-11-2024 14:06,amazon launched thgeneration kindle paperwhite signature edition three month battery life fastest page turn ever
Macy's - Bali Double Support Spa Closure Wireless Bra $17.99,Macy's has this Bali Double Support Spa Closure Wireless Bra on sale for 59% off. Get it today for $17.99.,Dealcatcher.com,https://www.dealcatcher.com/deals/clothing-accessories/womens/bali-double-support-spa-closure-wireless-bra-998321474,06-11-2024 14:06,macys bali double support spa closure wireless bra sale get today
Amazon - Paw-Activated Dog Sprinkler $28.49,"Use Amazon promo code to save 50% on this Paw-Activated Dog Sprinkler.<br /><br /><strong>More Ways to Save at Amazon:</strong><ul><li>Don't already have Amazon Prime? <a rel=""nofollow"" href=""https://amzn.to/3S9yS1w"" target=""_blank"">Register a SNAP EBT Card</…",Dealcatcher.com,https://www.dealcatcher.com/deals/household/pets/paw-activated-dog-sprinkler-998321471,06-11-2024 14:05,use amazon promo code save pawactivated dog sprinklerbr br strongmore way save amazonstrongullidont already amazon prime relnofollow href targetblankregister snap ebt card
"Hezbollah Celebrates Trump Win by Firing Rockets at Trump Heights, Israel","Hezbollah marked President-elect Donald Trump's victory in the 2024 U.S. presidential election by firing rockets at the Israeli town of Trump Heights on Wednesday morning.
The post Hezbollah Celebrates Trump Win by Firing Rockets at Trump Heights, Israel appe…",Breitbart News,https://www.breitbart.com/middle-east/2024/11/06/hezbollah-celebrates-trump-win-by-firing-rockets-at-trump-heights-israel/,06-11-2024 14:04,hezbollah marked presidentelect donald trump victory u presidential election firing rocket israeli town trump height wednesday morning post hezbollah celebrates trump win firing rocket trump height israel appe
Beauty brand Natura taps into bioelectric signals of Amazon trees for its first sound logo,"Brazilian beauty giant Natura has unveiled its first-ever sonic identity, created by capturing and transforming the electrical pulses of Amazon rainforest trees into melody. Developed in partnership with Africa Creative and sound design studio Soundthinkers, …",Trendwatching.com,https://www.trendwatching.com/innovations/beauty-brand-natura-taps-into-bioelectric-signals-of-amazon-trees-for-its-first-sound-logo,06-11-2024 14:02,brazilian beauty giant natura unveiled firstever sonic identity created capturing transforming electrical pulse amazon rainforest tree melody developed partnership africa creative sound design studio soundthinkers
"Amazon - 59"" Self-Watering Tomato Planter with Wheels $19.99","Save 50% on this 59"" Self-Watering Tomato Planter with Wheels today at Amazon after coupon. Score it for $19.99 after discount. Spend $25 or more to qualify for free shipping or use your Amazon Prime account for free shipping.<br /><br /><strong>More Ways to …",Dealcatcher.com,https://www.dealcatcher.com/deals/household/patio-lawn-garden/self-watering-tomato-planter-with-wheels-998321468,06-11-2024 14:02,save selfwatering tomato planter wheel today amazon coupon score discount spend qualify free shipping use amazon prime account free shippingbr br strongmore way
A scammer is imitating your business online. What can you do?,"By Rosalie Murphy, NerdWallet
The Federal Trade Commission received more than 330,000 reports of scammers impersonating businesses in 2023.
Some of these scammers pretend to be major corporations like Amazon or Best Buy, the FTC says. But small businesses are…",Biztoc.com,https://biztoc.com/x/591d9afc56730c96,06-11-2024 14:01,rosalie murphy nerdwallet federal trade commission received report scammer impersonating business scammer pretend major corporation like amazon best buy ftc say small business
Amazon - Wellnec Slim Minimalist Pop Up Card Wallet $8.29,Huge Savings! Amazon has this Wellnec Slim Minimalist Pop Up Card Wallet on sale for 72% off. Get it today for $8.29. Shipping is free with $25 or with Amazon Prime.<br /><br /><strong>More Ways to Save at Amazon:</strong><ul><li>Don't already have Amazon Pri…,Dealcatcher.com,https://www.dealcatcher.com/deals/clothing-accessories/bags-luggage/wellnec-slim-minimalist-pop-up-card-wallet-998321467,06-11-2024 14:00,huge saving amazon wellnec slim minimalist pop card wallet sale get today shipping free amazon primebr br strongmore way save amazonstrongullidont already amazon pri
Riddle me this (voter counts),"So, riddle me this? How is it possible we had 145MM voters in the 2020 election and only 137MM last night? The uncounted states have about 4MM. So we are short 4MM. That is 2 states' worth! More proof of the 2020 cheat!",Freerepublic.com,https://freerepublic.com/focus/f-chat/4276183/posts,06-11-2024 14:00,riddle possible mm voter election mm last night uncounted state mm short mm state worth proof cheat
Kloudfuse Adds Raft of Additional Capabilities to Unify Observability,Kloudfuse today updated its namesake observability platform to add support for continuous profiling and real user monitoring (RUM) along with additional analytics and artificial intelligence (AI) capabilities.,DevOps.com,https://devops.com/?p=174053,06-11-2024 14:00,kloudfuse today updated namesake observability platform add support continuous profiling real user monitoring rum along additional analytics artificial intelligence ai capability
A scammer is imitating your business online. What can you do?,"Search for your business online regularly. If you find something suspicious, take action.",Boston Herald,https://www.bostonherald.com/2024/11/06/a-scammer-is-imitating-your-business-online-what-can-you-do/,06-11-2024 14:00,search business online regularly find something suspicious take action
Leveraging Apache Flink Dashboard for Real-Time Data Processing in AWS Apache Flink Managed Service,"The Apache Flink Managed Service in AWS, offered through Amazon Kinesis data analytics for Apache Flink, allows developers to run Flink-based stream processing applications without the complexities of managing the underlying infrastructure. This fully managed…",Dzone.com,https://dzone.com/articles/apache-flink-dashboard-for-real-time-data-processing,06-11-2024 14:00,apache flink managed service aws offered amazon kinesis data analytics apache flink allows developer run flinkbased stream processing application without complexity managing underlying infrastructure fully managed
AMD Ryzen 7 9800X3D Processor Review - All of the gaming goodness without compromise,"The AMD Ryzen 9 9800X3D is the undisputed gaming champion. And unlike its X3D predecessors, it's also a capable all-rounder across a variety of workloads. Continue reading at TweakTown >",TweakTown,https://www.tweaktown.com/reviews/10897/amd-ryzen-7-9800x3d-processor-all-of-the-gaming-goodness-without-compromise/index.html,06-11-2024 14:00,amd ryzen xd undisputed gaming champion unlike xd predecessor also capable allrounder across variety workload continue reading tweaktown
Krafty Entertainment Acquires 17.5% Equity Stake in Sports First TV,"Krafty Entertainment has acquired a minority equity stake in Sports First TV, the world's first global sports news TV channel. Sports First TV, which launched in March on FAST platforms in North America, was founded by Frank Brown, the former CEO of Viacom In…",Streamingmedia.com,https://www.streamingmedia.com/Articles/ReadArticle.aspx?ArticleID=166744,06-11-2024 14:00,krafty entertainment acquired minority equity stake sport first tv world first global sport news tv channel sport first tv launched march fast platform north america founded frank brown former ceo viacom
Why Abandoning Diversity Efforts Will Hurt Your Bottom Line,Divesting from DEI only hurts the bottom line. Data shows that staying the course on DEI is a competitive advantage.,Forbes,https://www.forbes.com/sites/juliekratz/2024/11/06/why-abandoning-diversity-efforts-will-hurt-your-bottom-line/,06-11-2024 14:00,divesting dei hurt bottom line data show staying course dei competitive advantage
Kaneda's Porsche 911,"AKIRA PORSCHE 911+ pic.twitter.com/3v6Rv6dPzv
— Walter Kim (@walterkim213) October 30, 2024 
Modeled in Blender, textured using Substance Painter and rendered in Octane.
— Walter Kim (@walterkim213) October 28, 2024",Superpunch.net,https://www.superpunch.net/2024/11/kanedas-porsche-911.html,06-11-2024 14:00,akira porsche pictwittercomvrvdpzv walter kim walterkim october modeled blender textured using substance painter rendered octane walter kim walterkim october
Anzuelo Is One of 2024's Most Beautiful Graphic Novels,"Image Comics' Anzuelo is easily one of the most visually stunning graphic novels of 2024, and we've got an exclusive preview to prove it.",IGN,https://www.ign.com/articles/anzuelo-emma-rios-image-comics-preview,06-11-2024 14:00,image comic anzuelo easily one visually stunning graphic novel weve got exclusive preview prove
A multimodal understanding of the role of sound and music in gendered toy marketing,"Literature in music theory and psychology shows that, even in isolation, musical sounds can reliably encode gender-loaded messages. Musical material can be imbued with many ideological dimensions and gender is just one of them. Nonetheless, studies of the gen…",Plos.org,https://journals.plos.org/plosone/article?id=10.1371/journal.pone.0311876,06-11-2024 14:00,literature music theory psychology show even isolation musical sound reliably encode genderloaded message musical material imbued many ideological dimension gender one nonetheless study gen
Multifocal cutaneous neoplastic vascular proliferations in a rainbow boa (Epicrates cenchria) collection with boid inclusion body disease,"Reports on neoplastic processes in snakes are sparse regardless of their location, origin or behavior. Here, we describe the occurrence of multifocal cutaneous neoplastic processes consistent with hemangioma and hemangioendothelioma, with a differential diagn…",Plos.org,https://journals.plos.org/plosone/article?id=10.1371/journal.pone.0311015,06-11-2024 14:00,report neoplastic process snake sparse regardless location origin behavior describe occurrence multifocal cutaneous neoplastic process consistent hemangioma hemangioendothelioma differential diagn
The effects of seasonal human mobility and Aedes aegypti habitat suitability on Zika virus epidemic severity in Colombia,"Author summary The Zika virus pandemic of 2015–16, which caused over 1 million human cases in the Caribbean and Latin America, was driven by a combination of movement of infected humans and presence of mosquito species, such as Aedes aegypti, that carry the d…",Plos.org,https://journals.plos.org/plosntds/article?id=10.1371/journal.pntd.0012571,06-11-2024 14:00,author summary zika virus pandemic caused million human case caribbean latin america driven combination movement infected human presence mosquito specie aedes aegypti carry
The best pocket microscopes of 2024,Pocket microscopes are a way to take a sense of adventure with you wherever you go. These tiny machines allow you to zoom in and see an object’s surface or even look at cells without the care and precision usage that a standard laboratory-style microscope dem…,Popular Science,https://www.popsci.com/gear/best-pocket-microscopes/,06-11-2024 14:00,pocket microscope way take sense adventure wherever go tiny machine allow zoom see object surface even look cell without care precision usage standard laboratorystyle microscope dem
